(15, 15)
(16, 15)
(14, 15)
(15, 16)
(15, 14)
(14, 16)
(16, 16)
(14, 14)
(16, 14)
(17, 15)
(17, 16)
(17, 14)
(13, 15)
(13, 16)
(13, 14)
(15, 17)
(14, 17)
(16, 17)
(15, 13)
(14, 13)
(16, 13)
(13, 17)
(17, 17)
(13, 13)
(17, 13)
(18, 15)
(18, 16)
(18, 14)
(18, 17)
(18, 13)
(12, 15)
(12, 16)
(12, 14)
(12, 17)
(12, 13)
(15, 18)
(14, 18)
(16, 18)
(13, 18)
(17, 18)
(15, 12)
(14, 12)
(16, 12)
(13, 12)
(17, 12)
(12, 18)
(18, 18)
(12, 12)
(18, 12)
(19, 15)
(19, 16)
(19, 14)
(19, 17)
(19, 13)
(19, 18)
(19, 12)
(11, 15)
(11, 16)
(11, 14)
(11, 17)
(11, 13)
(11, 18)
(11, 12)
(15, 19)
(14, 19)
(16, 19)
(13, 19)
(17, 19)
(12, 19)
(18, 19)
(15, 11)
(14, 11)
(16, 11)
(13, 11)
(17, 11)
(12, 11)
(18, 11)
(11, 19)
(19, 19)
(11, 11)
(19, 11)
(20, 15)
(20, 16)
(20, 14)
(20, 17)
(20, 13)
(20, 18)
(20, 12)
(20, 19)
(20, 11)
(10, 15)
(10, 16)
(10, 14)
(10, 17)
(10, 13)
(10, 18)
(10, 12)
(10, 19)
(10, 11)
(15, 20)
(14, 20)
(16, 20)
(13, 20)
(17, 20)
(12, 20)
(18, 20)
(11, 20)
(19, 20)
(15, 10)
(14, 10)
(16, 10)
(13, 10)
(17, 10)
(12, 10)
(18, 10)
(11, 10)
(19, 10)
(10, 20)
(20, 20)
(10, 10)
(20, 10)
(21, 15)
(21, 16)
(21, 14)
(21, 17)
(21, 13)
(21, 18)
(21, 12)
(21, 19)
(21, 11)
(21, 20)
(21, 10)
(9, 15)
(9, 16)
(9, 14)
(9, 17)
(9, 13)
(9, 18)
(9, 12)
(9, 19)
(9, 11)
(9, 20)
(9, 10)
(15, 21)
(14, 21)
(16, 21)
(13, 21)
(17, 21)
(12, 21)
(18, 21)
(11, 21)
(19, 21)
(10, 21)
(20, 21)
(15, 9)
(14, 9)
(16, 9)
(13, 9)
(17, 9)
(12, 9)
(18, 9)
(11, 9)
(19, 9)
(10, 9)
(20, 9)
(9, 21)
(21, 21)
(9, 9)
(21, 9)
(22, 15)
(22, 16)
(22, 14)
(22, 17)
(22, 13)
(22, 18)
(22, 12)
(22, 19)
(22, 11)
(22, 20)
(22, 10)
(22, 21)
(22, 9)
(8, 15)
(8, 16)
(8, 14)
(8, 17)
(8, 13)
(8, 18)
(8, 12)
(8, 19)
(8, 11)
(8, 20)
(8, 10)
(8, 21)
(8, 9)
(15, 22)
(14, 22)
(16, 22)
(13, 22)
(17, 22)
(12, 22)
(18, 22)
(11, 22)
(19, 22)
(10, 22)
(20, 22)
(9, 22)
(21, 22)
(15, 8)
(14, 8)
(16, 8)
(13, 8)
(17, 8)
(12, 8)
(18, 8)
(11, 8)
(19, 8)
(10, 8)
(20, 8)
(9, 8)
(21, 8)
(8, 22)
(22, 22)
(8, 8)
(22, 8)
(23, 15)
(23, 16)
(23, 14)
(23, 17)
(23, 13)
(23, 18)
(23, 12)
(23, 19)
(23, 11)
(23, 20)
(23, 10)
(23, 21)
(23, 9)
(23, 22)
(23, 8)
(7, 15)
(7, 16)
(7, 14)
(7, 17)
(7, 13)
(7, 18)
(7, 12)
(7, 19)
(7, 11)
(7, 20)
(7, 10)
(7, 21)
(7, 9)
(7, 22)
(7, 8)
(15, 23)
(14, 23)
(16, 23)
(13, 23)
(17, 23)
(12, 23)
(18, 23)
(11, 23)
(19, 23)
(10, 23)
(20, 23)
(9, 23)
(21, 23)
(8, 23)
(22, 23)
(15, 7)
(14, 7)
(16, 7)
(13, 7)
(17, 7)
(12, 7)
(18, 7)
(11, 7)
(19, 7)
(10, 7)
(20, 7)
(9, 7)
(21, 7)
(8, 7)
(22, 7)
(7, 23)
(23, 23)
(7, 7)
(23, 7)
(24, 15)
(24, 16)
(24, 14)
(24, 17)
(24, 13)
(24, 18)
(24, 12)
(24, 19)
(24, 11)
(24, 20)
(24, 10)
(24, 21)
(24, 9)
(24, 22)
(24, 8)
(24, 23)
(24, 7)
(6, 15)
(6, 16)
(6, 14)
(6, 17)
(6, 13)
(6, 18)
(6, 12)
(6, 19)
(6, 11)
(6, 20)
(6, 10)
(6, 21)
(6, 9)
(6, 22)
(6, 8)
(6, 23)
(6, 7)
(15, 24)
(14, 24)
(16, 24)
(13, 24)
(17, 24)
(12, 24)
(18, 24)
(11, 24)
(19, 24)
(10, 24)
(20, 24)
(9, 24)
(21, 24)
(8, 24)
(22, 24)
(7, 24)
(23, 24)
(15, 6)
(14, 6)
(16, 6)
(13, 6)
(17, 6)
(12, 6)
(18, 6)
(11, 6)
(19, 6)
(10, 6)
(20, 6)
(9, 6)
(21, 6)
(8, 6)
(22, 6)
(7, 6)
(23, 6)
(6, 24)
(24, 24)
(6, 6)
(24, 6)
(25, 15)
(25, 16)
(25, 14)
(25, 17)
(25, 13)
(25, 18)
(25, 12)
(25, 19)
(25, 11)
(25, 20)
(25, 10)
(25, 21)
(25, 9)
(25, 22)
(25, 8)
(25, 23)
(25, 7)
(25, 24)
(25, 6)
(5, 15)
(5, 16)
(5, 14)
(5, 17)
(5, 13)
(5, 18)
(5, 12)
(5, 19)
(5, 11)
(5, 20)
(5, 10)
(5, 21)
(5, 9)
(5, 22)
(5, 8)
(5, 23)
(5, 7)
(5, 24)
(5, 6)
(15, 25)
(14, 25)
(16, 25)
(13, 25)
(17, 25)
(12, 25)
(18, 25)
(11, 25)
(19, 25)
(10, 25)
(20, 25)
(9, 25)
(21, 25)
(8, 25)
(22, 25)
(7, 25)
(23, 25)
(6, 25)
(24, 25)
(15, 5)
(14, 5)
(16, 5)
(13, 5)
(17, 5)
(12, 5)
(18, 5)
(11, 5)
(19, 5)
(10, 5)
(20, 5)
(9, 5)
(21, 5)
(8, 5)
(22, 5)
(7, 5)
(23, 5)
(6, 5)
(24, 5)
(5, 25)
(25, 25)
(5, 5)
(25, 5)
(26, 15)
(26, 16)
(26, 14)
(26, 17)
(26, 13)
(26, 18)
(26, 12)
(26, 19)
(26, 11)
(26, 20)
(26, 10)
(26, 21)
(26, 9)
(26, 22)
(26, 8)
(26, 23)
(26, 7)
(26, 24)
(26, 6)
(26, 25)
(26, 5)
(4, 15)
(4, 16)
(4, 14)
(4, 17)
(4, 13)
(4, 18)
(4, 12)
(4, 19)
(4, 11)
(4, 20)
(4, 10)
(4, 21)
(4, 9)
(4, 22)
(4, 8)
(4, 23)
(4, 7)
(4, 24)
(4, 6)
(4, 25)
(4, 5)
(15, 26)
(14, 26)
(16, 26)
(13, 26)
(17, 26)
(12, 26)
(18, 26)
(11, 26)
(19, 26)
(10, 26)
(20, 26)
(9, 26)
(21, 26)
(8, 26)
(22, 26)
(7, 26)
(23, 26)
(6, 26)
(24, 26)
(5, 26)
(25, 26)
(15, 4)
(14, 4)
(16, 4)
(13, 4)
(17, 4)
(12, 4)
(18, 4)
(11, 4)
(19, 4)
(10, 4)
(20, 4)
(9, 4)
(21, 4)
(8, 4)
(22, 4)
(7, 4)
(23, 4)
(6, 4)
(24, 4)
(5, 4)
(25, 4)
(4, 26)
(26, 26)
(4, 4)
(26, 4)
(27, 15)
(27, 16)
(27, 14)
(27, 17)
(27, 13)
(27, 18)
(27, 12)
(27, 19)
(27, 11)
(27, 20)
(27, 10)
(27, 21)
(27, 9)
(27, 22)
(27, 8)
(27, 23)
(27, 7)
(27, 24)
(27, 6)
(27, 25)
(27, 5)
(27, 26)
(27, 4)
(3, 15)
(3, 16)
(3, 14)
(3, 17)
(3, 13)
(3, 18)
(3, 12)
(3, 19)
(3, 11)
(3, 20)
(3, 10)
(3, 21)
(3, 9)
(3, 22)
(3, 8)
(3, 23)
(3, 7)
(3, 24)
(3, 6)
(3, 25)
(3, 5)
(3, 26)
(3, 4)
(15, 27)
(14, 27)
(16, 27)
(13, 27)
(17, 27)
(12, 27)
(18, 27)
(11, 27)
(19, 27)
(10, 27)
(20, 27)
(9, 27)
(21, 27)
(8, 27)
(22, 27)
(7, 27)
(23, 27)
(6, 27)
(24, 27)
(5, 27)
(25, 27)
(4, 27)
(26, 27)
(15, 3)
(14, 3)
(16, 3)
(13, 3)
(17, 3)
(12, 3)
(18, 3)
(11, 3)
(19, 3)
(10, 3)
(20, 3)
(9, 3)
(21, 3)
(8, 3)
(22, 3)
(7, 3)
(23, 3)
(6, 3)
(24, 3)
(5, 3)
(25, 3)
(4, 3)
(26, 3)
(3, 27)
(27, 27)
(3, 3)
(27, 3)
(28, 15)
(28, 16)
(28, 14)
(28, 17)
(28, 13)
(28, 18)
(28, 12)
(28, 19)
(28, 11)
(28, 20)
(28, 10)
(28, 21)
(28, 9)
(28, 22)
(28, 8)
(28, 23)
(28, 7)
(28, 24)
(28, 6)
(28, 25)
(28, 5)
(28, 26)
(28, 4)
(28, 27)
(28, 3)
(2, 15)
(2, 16)
(2, 14)
(2, 17)
(2, 13)
(2, 18)
(2, 12)
(2, 19)
(2, 11)
(2, 20)
(2, 10)
(2, 21)
(2, 9)
(2, 22)
(2, 8)
(2, 23)
(2, 7)
(2, 24)
(2, 6)
(2, 25)
(2, 5)
(2, 26)
(2, 4)
(2, 27)
(2, 3)
(15, 28)
(14, 28)
(16, 28)
(13, 28)
(17, 28)
(12, 28)
(18, 28)
(11, 28)
(19, 28)
(10, 28)
(20, 28)
(9, 28)
(21, 28)
(8, 28)
(22, 28)
(7, 28)
(23, 28)
(6, 28)
(24, 28)
(5, 28)
(25, 28)
(4, 28)
(26, 28)
(3, 28)
(27, 28)
(15, 2)
(14, 2)
(16, 2)
(13, 2)
(17, 2)
(12, 2)
(18, 2)
(11, 2)
(19, 2)
(10, 2)
(20, 2)
(9, 2)
(21, 2)
(8, 2)
(22, 2)
(7, 2)
(23, 2)
(6, 2)
(24, 2)
(5, 2)
(25, 2)
(4, 2)
(26, 2)
(3, 2)
(27, 2)
(2, 28)
(28, 28)
(2, 2)
(28, 2)
(29, 15)
(29, 16)
(29, 14)
(29, 17)
(29, 13)
(29, 18)
(29, 12)
(29, 19)
(29, 11)
(29, 20)
(29, 10)
(29, 21)
(29, 9)
(29, 22)
(29, 8)
(29, 23)
(29, 7)
(29, 24)
(29, 6)
(29, 25)
(29, 5)
(29, 26)
(29, 4)
(29, 27)
(29, 3)
(29, 28)
(29, 2)
(1, 15)
(1, 16)
(1, 14)
(1, 17)
(1, 13)
(1, 18)
(1, 12)
(1, 19)
(1, 11)
(1, 20)
(1, 10)
(1, 21)
(1, 9)
(1, 22)
(1, 8)
(1, 23)
(1, 7)
(1, 24)
(1, 6)
(1, 25)
(1, 5)
(1, 26)
(1, 4)
(1, 27)
(1, 3)
(1, 28)
(1, 2)
(15, 29)
(14, 29)
(16, 29)
(13, 29)
(17, 29)
(12, 29)
(18, 29)
(11, 29)
(19, 29)
(10, 29)
(20, 29)
(9, 29)
(21, 29)
(8, 29)
(22, 29)
(7, 29)
(23, 29)
(6, 29)
(24, 29)
(5, 29)
(25, 29)
(4, 29)
(26, 29)
(3, 29)
(27, 29)
(2, 29)
(28, 29)
(15, 1)
(14, 1)
(16, 1)
(13, 1)
(17, 1)
(12, 1)
(18, 1)
(11, 1)
(19, 1)
(10, 1)
(20, 1)
(9, 1)
(21, 1)
(8, 1)
(22, 1)
(7, 1)
(23, 1)
(6, 1)
(24, 1)
(5, 1)
(25, 1)
(4, 1)
(26, 1)
(3, 1)
(27, 1)
(2, 1)
(28, 1)
(1, 29)
(29, 29)
(1, 1)
(29, 1)
(30, 15)
(30, 16)
(30, 14)
(30, 17)
(30, 13)
(30, 18)
(30, 12)
(30, 19)
(30, 11)
(30, 20)
(30, 10)
(30, 21)
(30, 9)
(30, 22)
(30, 8)
(30, 23)
(30, 7)
(30, 24)
(30, 6)
(30, 25)
(30, 5)
(30, 26)
(30, 4)
(30, 27)
(30, 3)
(30, 28)
(30, 2)
(30, 29)
(30, 1)
(0, 15)
(0, 16)
(0, 14)
(0, 17)
(0, 13)
(0, 18)
(0, 12)
(0, 19)
(0, 11)
(0, 20)
(0, 10)
(0, 21)
(0, 9)
(0, 22)
(0, 8)
(0, 23)
(0, 7)
(0, 24)
(0, 6)
(0, 25)
(0, 5)
(0, 26)
(0, 4)
(0, 27)
(0, 3)
(0, 28)
(0, 2)
(0, 29)
(0, 1)
(15, 30)
(14, 30)
(16, 30)
(13, 30)
(17, 30)
(12, 30)
(18, 30)
(11, 30)
(19, 30)
(10, 30)
(20, 30)
(9, 30)
(21, 30)
(8, 30)
(22, 30)
(7, 30)
(23, 30)
(6, 30)
(24, 30)
(5, 30)
(25, 30)
(4, 30)
(26, 30)
(3, 30)
(27, 30)
(2, 30)
(28, 30)
(1, 30)
(29, 30)
(15, 0)
(14, 0)
(16, 0)
(13, 0)
(17, 0)
(12, 0)
(18, 0)
(11, 0)
(19, 0)
(10, 0)
(20, 0)
(9, 0)
(21, 0)
(8, 0)
(22, 0)
(7, 0)
(23, 0)
(6, 0)
(24, 0)
(5, 0)
(25, 0)
(4, 0)
(26, 0)
(3, 0)
(27, 0)
(2, 0)
(28, 0)
(1, 0)
(29, 0)
(0, 30)
(30, 30)
(0, 0)
(30, 0)
(31, 15)
(31, 16)
(31, 14)
(31, 17)
(31, 13)
(31, 18)
(31, 12)
(31, 19)
(31, 11)
(31, 20)
(31, 10)
(31, 21)
(31, 9)
(31, 22)
(31, 8)
(31, 23)
(31, 7)
(31, 24)
(31, 6)
(31, 25)
(31, 5)
(31, 26)
(31, 4)
(31, 27)
(31, 3)
(31, 28)
(31, 2)
(31, 29)
(31, 1)
(31, 30)
(31, 0)
(15, 31)
(14, 31)
(16, 31)
(13, 31)
(17, 31)
(12, 31)
(18, 31)
(11, 31)
(19, 31)
(10, 31)
(20, 31)
(9, 31)
(21, 31)
(8, 31)
(22, 31)
(7, 31)
(23, 31)
(6, 31)
(24, 31)
(5, 31)
(25, 31)
(4, 31)
(26, 31)
(3, 31)
(27, 31)
(2, 31)
(28, 31)
(1, 31)
(29, 31)
(0, 31)
(30, 31)
(31, 31)
(32, 15)
(32, 16)
(32, 14)
(32, 17)
(32, 13)
(32, 18)
(32, 12)
(32, 19)
(32, 11)
(32, 20)
(32, 10)
(32, 21)
(32, 9)
(32, 22)
(32, 8)
(32, 23)
(32, 7)
(32, 24)
(32, 6)
(32, 25)
(32, 5)
(32, 26)
(32, 4)
(32, 27)
(32, 3)
(32, 28)
(32, 2)
(32, 29)
(32, 1)
(32, 30)
(32, 0)
(32, 31)
(15, 32)
(14, 32)
(16, 32)
(13, 32)
(17, 32)
(12, 32)
(18, 32)
(11, 32)
(19, 32)
(10, 32)
(20, 32)
(9, 32)
(21, 32)
(8, 32)
(22, 32)
(7, 32)
(23, 32)
(6, 32)
(24, 32)
(5, 32)
(25, 32)
(4, 32)
(26, 32)
(3, 32)
(27, 32)
(2, 32)
(28, 32)
(1, 32)
(29, 32)
(0, 32)
(30, 32)
(31, 32)
(32, 32)
(33, 15)
(33, 16)
(33, 14)
(33, 17)
(33, 13)
(33, 18)
(33, 12)
(33, 19)
(33, 11)
(33, 20)
(33, 10)
(33, 21)
(33, 9)
(33, 22)
(33, 8)
(33, 23)
(33, 7)
(33, 24)
(33, 6)
(33, 25)
(33, 5)
(33, 26)
(33, 4)
(33, 27)
(33, 3)
(33, 28)
(33, 2)
(33, 29)
(33, 1)
(33, 30)
(33, 0)
(33, 31)
(33, 32)
(15, 33)
(14, 33)
(16, 33)
(13, 33)
(17, 33)
(12, 33)
(18, 33)
(11, 33)
(19, 33)
(10, 33)
(20, 33)
(9, 33)
(21, 33)
(8, 33)
(22, 33)
(7, 33)
(23, 33)
(6, 33)
(24, 33)
(5, 33)
(25, 33)
(4, 33)
(26, 33)
(3, 33)
(27, 33)
(2, 33)
(28, 33)
(1, 33)
(29, 33)
(0, 33)
(30, 33)
(31, 33)
(32, 33)
(33, 33)
(34, 15)
(34, 16)
(34, 14)
(34, 17)
(34, 13)
(34, 18)
(34, 12)
(34, 19)
(34, 11)
(34, 20)
(34, 10)
(34, 21)
(34, 9)
(34, 22)
(34, 8)
(34, 23)
(34, 7)
(34, 24)
(34, 6)
(34, 25)
(34, 5)
(34, 26)
(34, 4)
(34, 27)
(34, 3)
(34, 28)
(34, 2)
(34, 29)
(34, 1)
(34, 30)
(34, 0)
(34, 31)
(34, 32)
(34, 33)
(15, 34)
(14, 34)
(16, 34)
(13, 34)
(17, 34)
(12, 34)
(18, 34)
(11, 34)
(19, 34)
(10, 34)
(20, 34)
(9, 34)
(21, 34)
(8, 34)
(22, 34)
(7, 34)
(23, 34)
(6, 34)
(24, 34)
(5, 34)
(25, 34)
(4, 34)
(26, 34)
(3, 34)
(27, 34)
(2, 34)
(28, 34)
(1, 34)
(29, 34)
(0, 34)
(30, 34)
(31, 34)
(32, 34)
(33, 34)
(34, 34)
(35, 15)
(35, 16)
(35, 14)
(35, 17)
(35, 13)
(35, 18)
(35, 12)
(35, 19)
(35, 11)
(35, 20)
(35, 10)
(35, 21)
(35, 9)
(35, 22)
(35, 8)
(35, 23)
(35, 7)
(35, 24)
(35, 6)
(35, 25)
(35, 5)
(35, 26)
(35, 4)
(35, 27)
(35, 3)
(35, 28)
(35, 2)
(35, 29)
(35, 1)
(35, 30)
(35, 0)
(35, 31)
(35, 32)
(35, 33)
(35, 34)
(15, 35)
(14, 35)
(16, 35)
(13, 35)
(17, 35)
(12, 35)
(18, 35)
(11, 35)
(19, 35)
(10, 35)
(20, 35)
(9, 35)
(21, 35)
(8, 35)
(22, 35)
(7, 35)
(23, 35)
(6, 35)
(24, 35)
(5, 35)
(25, 35)
(4, 35)
(26, 35)
(3, 35)
(27, 35)
(2, 35)
(28, 35)
(1, 35)
(29, 35)
(0, 35)
(30, 35)
(31, 35)
(32, 35)
(33, 35)
(34, 35)
(35, 35)
(36, 15)
(36, 16)
(36, 14)
(36, 17)
(36, 13)
(36, 18)
(36, 12)
(36, 19)
(36, 11)
(36, 20)
(36, 10)
(36, 21)
(36, 9)
(36, 22)
(36, 8)
(36, 23)
(36, 7)
(36, 24)
(36, 6)
(36, 25)
(36, 5)
(36, 26)
(36, 4)
(36, 27)
(36, 3)
(36, 28)
(36, 2)
(36, 29)
(36, 1)
(36, 30)
(36, 0)
(36, 31)
(36, 32)
(36, 33)
(36, 34)
(36, 35)
(15, 36)
(14, 36)
(16, 36)
(13, 36)
(17, 36)
(12, 36)
(18, 36)
(11, 36)
(19, 36)
(10, 36)
(20, 36)
(9, 36)
(21, 36)
(8, 36)
(22, 36)
(7, 36)
(23, 36)
(6, 36)
(24, 36)
(5, 36)
(25, 36)
(4, 36)
(26, 36)
(3, 36)
(27, 36)
(2, 36)
(28, 36)
(1, 36)
(29, 36)
(0, 36)
(30, 36)
(31, 36)
(32, 36)
(33, 36)
(34, 36)
(35, 36)
(36, 36)
(37, 15)
(37, 16)
(37, 14)
(37, 17)
(37, 13)
(37, 18)
(37, 12)
(37, 19)
(37, 11)
(37, 20)
(37, 10)
(37, 21)
(37, 9)
(37, 22)
(37, 8)
(37, 23)
(37, 7)
(37, 24)
(37, 6)
(37, 25)
(37, 5)
(37, 26)
(37, 4)
(37, 27)
(37, 3)
(37, 28)
(37, 2)
(37, 29)
(37, 1)
(37, 30)
(37, 0)
(37, 31)
(37, 32)
(37, 33)
(37, 34)
(37, 35)
(37, 36)
(15, 37)
(14, 37)
(16, 37)
(13, 37)
(17, 37)
(12, 37)
(18, 37)
(11, 37)
(19, 37)
(10, 37)
(20, 37)
(9, 37)
(21, 37)
(8, 37)
(22, 37)
(7, 37)
(23, 37)
(6, 37)
(24, 37)
(5, 37)
(25, 37)
(4, 37)
(26, 37)
(3, 37)
(27, 37)
(2, 37)
(28, 37)
(1, 37)
(29, 37)
(0, 37)
(30, 37)
(31, 37)
(32, 37)
(33, 37)
(34, 37)
(35, 37)
(36, 37)
(37, 37)
(38, 15)
(38, 16)
(38, 14)
(38, 17)
(38, 13)
(38, 18)
(38, 12)
(38, 19)
(38, 11)
(38, 20)
(38, 10)
(38, 21)
(38, 9)
(38, 22)
(38, 8)
(38, 23)
(38, 7)
(38, 24)
(38, 6)
(38, 25)
(38, 5)
(38, 26)
(38, 4)
(38, 27)
(38, 3)
(38, 28)
(38, 2)
(38, 29)
(38, 1)
(38, 30)
(38, 0)
(38, 31)
(38, 32)
(38, 33)
(38, 34)
(38, 35)
(38, 36)
(38, 37)
(15, 38)
(14, 38)
(16, 38)
(13, 38)
(17, 38)
(12, 38)
(18, 38)
(11, 38)
(19, 38)
(10, 38)
(20, 38)
(9, 38)
(21, 38)
(8, 38)
(22, 38)
(7, 38)
(23, 38)
(6, 38)
(24, 38)
(5, 38)
(25, 38)
(4, 38)
(26, 38)
(3, 38)
(27, 38)
(2, 38)
(28, 38)
(1, 38)
(29, 38)
(0, 38)
(30, 38)
(31, 38)
(32, 38)
(33, 38)
(34, 38)
(35, 38)
(36, 38)
(37, 38)
(38, 38)
(39, 15)
(39, 16)
(39, 14)
(39, 17)
(39, 13)
(39, 18)
(39, 12)
(39, 19)
(39, 11)
(39, 20)
(39, 10)
(39, 21)
(39, 9)
(39, 22)
(39, 8)
(39, 23)
(39, 7)
(39, 24)
(39, 6)
(39, 25)
(39, 5)
(39, 26)
(39, 4)
(39, 27)
(39, 3)
(39, 28)
(39, 2)
(39, 29)
(39, 1)
(39, 30)
(39, 0)
(39, 31)
(39, 32)
(39, 33)
(39, 34)
(39, 35)
(39, 36)
(39, 37)
(39, 38)
(15, 39)
(14, 39)
(16, 39)
(13, 39)
(17, 39)
(12, 39)
(18, 39)
(11, 39)
(19, 39)
(10, 39)
(20, 39)
(9, 39)
(21, 39)
(8, 39)
(22, 39)
(7, 39)
(23, 39)
(6, 39)
(24, 39)
(5, 39)
(25, 39)
(4, 39)
(26, 39)
(3, 39)
(27, 39)
(2, 39)
(28, 39)
(1, 39)
(29, 39)
(0, 39)
(30, 39)
(31, 39)
(32, 39)
(33, 39)
(34, 39)
(35, 39)
(36, 39)
(37, 39)
(38, 39)
(39, 39)
(40, 15)
(40, 16)
(40, 14)
(40, 17)
(40, 13)
(40, 18)
(40, 12)
(40, 19)
(40, 11)
(40, 20)
(40, 10)
(40, 21)
(40, 9)
(40, 22)
(40, 8)
(40, 23)
(40, 7)
(40, 24)
(40, 6)
(40, 25)
(40, 5)
(40, 26)
(40, 4)
(40, 27)
(40, 3)
(40, 28)
(40, 2)
(40, 29)
(40, 1)
(40, 30)
(40, 0)
(40, 31)
(40, 32)
(40, 33)
(40, 34)
(40, 35)
(40, 36)
(40, 37)
(40, 38)
(40, 39)
(15, 40)
(14, 40)
(16, 40)
(13, 40)
(17, 40)
(12, 40)
(18, 40)
(11, 40)
(19, 40)
(10, 40)
(20, 40)
(9, 40)
(21, 40)
(8, 40)
(22, 40)
(7, 40)
(23, 40)
(6, 40)
(24, 40)
(5, 40)
(25, 40)
(4, 40)
(26, 40)
(3, 40)
(27, 40)
(2, 40)
(28, 40)
(1, 40)
(29, 40)
(0, 40)
(30, 40)
(31, 40)
(32, 40)
(33, 40)
(34, 40)
(35, 40)
(36, 40)
(37, 40)
(38, 40)
(39, 40)
(40, 40)
(41, 15)
(41, 16)
(41, 14)
(41, 17)
(41, 13)
(41, 18)
(41, 12)
(41, 19)
(41, 11)
(41, 20)
(41, 10)
(41, 21)
(41, 9)
(41, 22)
(41, 8)
(41, 23)
(41, 7)
(41, 24)
(41, 6)
(41, 25)
(41, 5)
(41, 26)
(41, 4)
(41, 27)
(41, 3)
(41, 28)
(41, 2)
(41, 29)
(41, 1)
(41, 30)
(41, 0)
(41, 31)
(41, 32)
(41, 33)
(41, 34)
(41, 35)
(41, 36)
(41, 37)
(41, 38)
(41, 39)
(41, 40)
(15, 41)
(14, 41)
(16, 41)
(13, 41)
(17, 41)
(12, 41)
(18, 41)
(11, 41)
(19, 41)
(10, 41)
(20, 41)
(9, 41)
(21, 41)
(8, 41)
(22, 41)
(7, 41)
(23, 41)
(6, 41)
(24, 41)
(5, 41)
(25, 41)
(4, 41)
(26, 41)
(3, 41)
(27, 41)
(2, 41)
(28, 41)
(1, 41)
(29, 41)
(0, 41)
(30, 41)
(31, 41)
(32, 41)
(33, 41)
(34, 41)
(35, 41)
(36, 41)
(37, 41)
(38, 41)
(39, 41)
(40, 41)
(41, 41)
(42, 15)
(42, 16)
(42, 14)
(42, 17)
(42, 13)
(42, 18)
(42, 12)
(42, 19)
(42, 11)
(42, 20)
(42, 10)
(42, 21)
(42, 9)
(42, 22)
(42, 8)
(42, 23)
(42, 7)
(42, 24)
(42, 6)
(42, 25)
(42, 5)
(42, 26)
(42, 4)
(42, 27)
(42, 3)
(42, 28)
(42, 2)
(42, 29)
(42, 1)
(42, 30)
(42, 0)
(42, 31)
(42, 32)
(42, 33)
(42, 34)
(42, 35)
(42, 36)
(42, 37)
(42, 38)
(42, 39)
(42, 40)
(42, 41)
(15, 42)
(14, 42)
(16, 42)
(13, 42)
(17, 42)
(12, 42)
(18, 42)
(11, 42)
(19, 42)
(10, 42)
(20, 42)
(9, 42)
(21, 42)
(8, 42)
(22, 42)
(7, 42)
(23, 42)
(6, 42)
(24, 42)
(5, 42)
(25, 42)
(4, 42)
(26, 42)
(3, 42)
(27, 42)
(2, 42)
(28, 42)
(1, 42)
(29, 42)
(0, 42)
(30, 42)
(31, 42)
(32, 42)
(33, 42)
(34, 42)
(35, 42)
(36, 42)
(37, 42)
(38, 42)
(39, 42)
(40, 42)
(41, 42)
(42, 42)
(43, 15)
(43, 16)
(43, 14)
(43, 17)
(43, 13)
(43, 18)
(43, 12)
(43, 19)
(43, 11)
(43, 20)
(43, 10)
(43, 21)
(43, 9)
(43, 22)
(43, 8)
(43, 23)
(43, 7)
(43, 24)
(43, 6)
(43, 25)
(43, 5)
(43, 26)
(43, 4)
(43, 27)
(43, 3)
(43, 28)
(43, 2)
(43, 29)
(43, 1)
(43, 30)
(43, 0)
(43, 31)
(43, 32)
(43, 33)
(43, 34)
(43, 35)
(43, 36)
(43, 37)
(43, 38)
(43, 39)
(43, 40)
(43, 41)
(43, 42)
(15, 43)
(14, 43)
(16, 43)
(13, 43)
(17, 43)
(12, 43)
(18, 43)
(11, 43)
(19, 43)
(10, 43)
(20, 43)
(9, 43)
(21, 43)
(8, 43)
(22, 43)
(7, 43)
(23, 43)
(6, 43)
(24, 43)
(5, 43)
(25, 43)
(4, 43)
(26, 43)
(3, 43)
(27, 43)
(2, 43)
(28, 43)
(1, 43)
(29, 43)
(0, 43)
(30, 43)
(31, 43)
(32, 43)
(33, 43)
(34, 43)
(35, 43)
(36, 43)
(37, 43)
(38, 43)
(39, 43)
(40, 43)
(41, 43)
(42, 43)
(43, 43)
(44, 15)
(44, 16)
(44, 14)
(44, 17)
(44, 13)
(44, 18)
(44, 12)
(44, 19)
(44, 11)
(44, 20)
(44, 10)
(44, 21)
(44, 9)
(44, 22)
(44, 8)
(44, 23)
(44, 7)
(44, 24)
(44, 6)
(44, 25)
(44, 5)
(44, 26)
(44, 4)
(44, 27)
(44, 3)
(44, 28)
(44, 2)
(44, 29)
(44, 1)
(44, 30)
(44, 0)
(44, 31)
(44, 32)
(44, 33)
(44, 34)
(44, 35)
(44, 36)
(44, 37)
(44, 38)
(44, 39)
(44, 40)
(44, 41)
(44, 42)
(44, 43)
(15, 44)
(14, 44)
(16, 44)
(13, 44)
(17, 44)
(12, 44)
(18, 44)
(11, 44)
(19, 44)
(10, 44)
(20, 44)
(9, 44)
(21, 44)
(8, 44)
(22, 44)
(7, 44)
(23, 44)
(6, 44)
(24, 44)
(5, 44)
(25, 44)
(4, 44)
(26, 44)
(3, 44)
(27, 44)
(2, 44)
(28, 44)
(1, 44)
(29, 44)
(0, 44)
(30, 44)
(31, 44)
(32, 44)
(33, 44)
(34, 44)
(35, 44)
(36, 44)
(37, 44)
(38, 44)
(39, 44)
(40, 44)
(41, 44)
(42, 44)
(43, 44)
(44, 44)
(45, 15)
(45, 16)
(45, 14)
(45, 17)
(45, 13)
(45, 18)
(45, 12)
(45, 19)
(45, 11)
(45, 20)
(45, 10)
(45, 21)
(45, 9)
(45, 22)
(45, 8)
(45, 23)
(45, 7)
(45, 24)
(45, 6)
(45, 25)
(45, 5)
(45, 26)
(45, 4)
(45, 27)
(45, 3)
(45, 28)
(45, 2)
(45, 29)
(45, 1)
(45, 30)
(45, 0)
(45, 31)
(45, 32)
(45, 33)
(45, 34)
(45, 35)
(45, 36)
(45, 37)
(45, 38)
(45, 39)
(45, 40)
(45, 41)
(45, 42)
(45, 43)
(45, 44)
(15, 45)
(14, 45)
(16, 45)
(13, 45)
(17, 45)
(12, 45)
(18, 45)
(11, 45)
(19, 45)
(10, 45)
(20, 45)
(9, 45)
(21, 45)
(8, 45)
(22, 45)
(7, 45)
(23, 45)
(6, 45)
(24, 45)
(5, 45)
(25, 45)
(4, 45)
(26, 45)
(3, 45)
(27, 45)
(2, 45)
(28, 45)
(1, 45)
(29, 45)
(0, 45)
(30, 45)
(31, 45)
(32, 45)
(33, 45)
(34, 45)
(35, 45)
(36, 45)
(37, 45)
(38, 45)
(39, 45)
(40, 45)
(41, 45)
(42, 45)
(43, 45)
(44, 45)
(45, 45)
(46, 15)
(46, 16)
(46, 14)
(46, 17)
(46, 13)
(46, 18)
(46, 12)
(46, 19)
(46, 11)
(46, 20)
(46, 10)
(46, 21)
(46, 9)
(46, 22)
(46, 8)
(46, 23)
(46, 7)
(46, 24)
(46, 6)
(46, 25)
(46, 5)
(46, 26)
(46, 4)
(46, 27)
(46, 3)
(46, 28)
(46, 2)
(46, 29)
(46, 1)
(46, 30)
(46, 0)
(46, 31)
(46, 32)
(46, 33)
(46, 34)
(46, 35)
(46, 36)
(46, 37)
(46, 38)
(46, 39)
(46, 40)
(46, 41)
(46, 42)
(46, 43)
(46, 44)
(46, 45)
(15, 46)
(14, 46)
(16, 46)
(13, 46)
(17, 46)
(12, 46)
(18, 46)
(11, 46)
(19, 46)
(10, 46)
(20, 46)
(9, 46)
(21, 46)
(8, 46)
(22, 46)
(7, 46)
(23, 46)
(6, 46)
(24, 46)
(5, 46)
(25, 46)
(4, 46)
(26, 46)
(3, 46)
(27, 46)
(2, 46)
(28, 46)
(1, 46)
(29, 46)
(0, 46)
(30, 46)
(31, 46)
(32, 46)
(33, 46)
(34, 46)
(35, 46)
(36, 46)
(37, 46)
(38, 46)
(39, 46)
(40, 46)
(41, 46)
(42, 46)
(43, 46)
(44, 46)
(45, 46)
(46, 46)
(47, 15)
(47, 16)
(47, 14)
(47, 17)
(47, 13)
(47, 18)
(47, 12)
(47, 19)
(47, 11)
(47, 20)
(47, 10)
(47, 21)
(47, 9)
(47, 22)
(47, 8)
(47, 23)
(47, 7)
(47, 24)
(47, 6)
(47, 25)
(47, 5)
(47, 26)
(47, 4)
(47, 27)
(47, 3)
(47, 28)
(47, 2)
(47, 29)
(47, 1)
(47, 30)
(47, 0)
(47, 31)
(47, 32)
(47, 33)
(47, 34)
(47, 35)
(47, 36)
(47, 37)
(47, 38)
(47, 39)
(47, 40)
(47, 41)
(47, 42)
(47, 43)
(47, 44)
(47, 45)
(47, 46)
(15, 47)
(14, 47)
(16, 47)
(13, 47)
(17, 47)
(12, 47)
(18, 47)
(11, 47)
(19, 47)
(10, 47)
(20, 47)
(9, 47)
(21, 47)
(8, 47)
(22, 47)
(7, 47)
(23, 47)
(6, 47)
(24, 47)
(5, 47)
(25, 47)
(4, 47)
(26, 47)
(3, 47)
(27, 47)
(2, 47)
(28, 47)
(1, 47)
(29, 47)
(0, 47)
(30, 47)
(31, 47)
(32, 47)
(33, 47)
(34, 47)
(35, 47)
(36, 47)
(37, 47)
(38, 47)
(39, 47)
(40, 47)
(41, 47)
(42, 47)
(43, 47)
(44, 47)
(45, 47)
(46, 47)
(47, 47)
(48, 15)
(48, 16)
(48, 14)
(48, 17)
(48, 13)
(48, 18)
(48, 12)
(48, 19)
(48, 11)
(48, 20)
(48, 10)
(48, 21)
(48, 9)
(48, 22)
(48, 8)
(48, 23)
(48, 7)
(48, 24)
(48, 6)
(48, 25)
(48, 5)
(48, 26)
(48, 4)
(48, 27)
(48, 3)
(48, 28)
(48, 2)
(48, 29)
(48, 1)
(48, 30)
(48, 0)
(48, 31)
(48, 32)
(48, 33)
(48, 34)
(48, 35)
(48, 36)
(48, 37)
(48, 38)
(48, 39)
(48, 40)
(48, 41)
(48, 42)
(48, 43)
(48, 44)
(48, 45)
(48, 46)
(48, 47)
(15, 48)
(14, 48)
(16, 48)
(13, 48)
(17, 48)
(12, 48)
(18, 48)
(11, 48)
(19, 48)
(10, 48)
(20, 48)
(9, 48)
(21, 48)
(8, 48)
(22, 48)
(7, 48)
(23, 48)
(6, 48)
(24, 48)
(5, 48)
(25, 48)
(4, 48)
(26, 48)
(3, 48)
(27, 48)
(2, 48)
(28, 48)
(1, 48)
(29, 48)
(0, 48)
(30, 48)
(31, 48)
(32, 48)
(33, 48)
(34, 48)
(35, 48)
(36, 48)
(37, 48)
(38, 48)
(39, 48)
(40, 48)
(41, 48)
(42, 48)
(43, 48)
(44, 48)
(45, 48)
(46, 48)
(47, 48)
(48, 48)
(49, 15)
(49, 16)
(49, 14)
(49, 17)
(49, 13)
(49, 18)
(49, 12)
(49, 19)
(49, 11)
(49, 20)
(49, 10)
(49, 21)
(49, 9)
(49, 22)
(49, 8)
(49, 23)
(49, 7)
(49, 24)
(49, 6)
(49, 25)
(49, 5)
(49, 26)
(49, 4)
(49, 27)
(49, 3)
(49, 28)
(49, 2)
(49, 29)
(49, 1)
(49, 30)
(49, 0)
(49, 31)
(49, 32)
(49, 33)
(49, 34)
(49, 35)
(49, 36)
(49, 37)
(49, 38)
(49, 39)
(49, 40)
(49, 41)
(49, 42)
(49, 43)
(49, 44)
(49, 45)
(49, 46)
(49, 47)
(49, 48)
(15, 49)
(14, 49)
(16, 49)
(13, 49)
(17, 49)
(12, 49)
(18, 49)
(11, 49)
(19, 49)
(10, 49)
(20, 49)
(9, 49)
(21, 49)
(8, 49)
(22, 49)
(7, 49)
(23, 49)
(6, 49)
(24, 49)
(5, 49)
(25, 49)
(4, 49)
(26, 49)
(3, 49)
(27, 49)
(2, 49)
(28, 49)
(1, 49)
(29, 49)
(0, 49)
(30, 49)
(31, 49)
(32, 49)
(33, 49)
(34, 49)
(35, 49)
(36, 49)
(37, 49)
(38, 49)
(39, 49)
(40, 49)
(41, 49)
(42, 49)
(43, 49)
(44, 49)
(45, 49)
(46, 49)
(47, 49)
(48, 49)
(49, 49)
(50, 15)
(50, 16)
(50, 14)
(50, 17)
(50, 13)
(50, 18)
(50, 12)
(50, 19)
(50, 11)
(50, 20)
(50, 10)
(50, 21)
(50, 9)
(50, 22)
(50, 8)
(50, 23)
(50, 7)
(50, 24)
(50, 6)
(50, 25)
(50, 5)
(50, 26)
(50, 4)
(50, 27)
(50, 3)
(50, 28)
(50, 2)
(50, 29)
(50, 1)
(50, 30)
(50, 0)
(50, 31)
(50, 32)
(50, 33)
(50, 34)
(50, 35)
(50, 36)
(50, 37)
(50, 38)
(50, 39)
(50, 40)
(50, 41)
(50, 42)
(50, 43)
(50, 44)
(50, 45)
(50, 46)
(50, 47)
(50, 48)
(50, 49)
(15, 50)
(14, 50)
(16, 50)
(13, 50)
(17, 50)
(12, 50)
(18, 50)
(11, 50)
(19, 50)
(10, 50)
(20, 50)
(9, 50)
(21, 50)
(8, 50)
(22, 50)
(7, 50)
(23, 50)
(6, 50)
(24, 50)
(5, 50)
(25, 50)
(4, 50)
(26, 50)
(3, 50)
(27, 50)
(2, 50)
(28, 50)
(1, 50)
(29, 50)
(0, 50)
(30, 50)
(31, 50)
(32, 50)
(33, 50)
(34, 50)
(35, 50)
(36, 50)
(37, 50)
(38, 50)
(39, 50)
(40, 50)
(41, 50)
(42, 50)
(43, 50)
(44, 50)
(45, 50)
(46, 50)
(47, 50)
(48, 50)
(49, 50)
(50, 50)
(51, 15)
(51, 16)
(51, 14)
(51, 17)
(51, 13)
(51, 18)
(51, 12)
(51, 19)
(51, 11)
(51, 20)
(51, 10)
(51, 21)
(51, 9)
(51, 22)
(51, 8)
(51, 23)
(51, 7)
(51, 24)
(51, 6)
(51, 25)
(51, 5)
(51, 26)
(51, 4)
(51, 27)
(51, 3)
(51, 28)
(51, 2)
(51, 29)
(51, 1)
(51, 30)
(51, 0)
(51, 31)
(51, 32)
(51, 33)
(51, 34)
(51, 35)
(51, 36)
(51, 37)
(51, 38)
(51, 39)
(51, 40)
(51, 41)
(51, 42)
(51, 43)
(51, 44)
(51, 45)
(51, 46)
(51, 47)
(51, 48)
(51, 49)
(51, 50)
(15, 51)
(14, 51)
(16, 51)
(13, 51)
(17, 51)
(12, 51)
(18, 51)
(11, 51)
(19, 51)
(10, 51)
(20, 51)
(9, 51)
(21, 51)
(8, 51)
(22, 51)
(7, 51)
(23, 51)
(6, 51)
(24, 51)
(5, 51)
(25, 51)
(4, 51)
(26, 51)
(3, 51)
(27, 51)
(2, 51)
(28, 51)
(1, 51)
(29, 51)
(0, 51)
(30, 51)
(31, 51)
(32, 51)
(33, 51)
(34, 51)
(35, 51)
(36, 51)
(37, 51)
(38, 51)
(39, 51)
(40, 51)
(41, 51)
(42, 51)
(43, 51)
(44, 51)
(45, 51)
(46, 51)
(47, 51)
(48, 51)
(49, 51)
(50, 51)
(51, 51)
(52, 15)
(52, 16)
(52, 14)
(52, 17)
(52, 13)
(52, 18)
(52, 12)
(52, 19)
(52, 11)
(52, 20)
(52, 10)
(52, 21)
(52, 9)
(52, 22)
(52, 8)
(52, 23)
(52, 7)
(52, 24)
(52, 6)
(52, 25)
(52, 5)
(52, 26)
(52, 4)
(52, 27)
(52, 3)
(52, 28)
(52, 2)
(52, 29)
(52, 1)
(52, 30)
(52, 0)
(52, 31)
(52, 32)
(52, 33)
(52, 34)
(52, 35)
(52, 36)
(52, 37)
(52, 38)
(52, 39)
(52, 40)
(52, 41)
(52, 42)
(52, 43)
(52, 44)
(52, 45)
(52, 46)
(52, 47)
(52, 48)
(52, 49)
(52, 50)
(52, 51)
(15, 52)
(14, 52)
(16, 52)
(13, 52)
(17, 52)
(12, 52)
(18, 52)
(11, 52)
(19, 52)
(10, 52)
(20, 52)
(9, 52)
(21, 52)
(8, 52)
(22, 52)
(7, 52)
(23, 52)
(6, 52)
(24, 52)
(5, 52)
(25, 52)
(4, 52)
(26, 52)
(3, 52)
(27, 52)
(2, 52)
(28, 52)
(1, 52)
(29, 52)
(0, 52)
(30, 52)
(31, 52)
(32, 52)
(33, 52)
(34, 52)
(35, 52)
(36, 52)
(37, 52)
(38, 52)
(39, 52)
(40, 52)
(41, 52)
(42, 52)
(43, 52)
(44, 52)
(45, 52)
(46, 52)
(47, 52)
(48, 52)
(49, 52)
(50, 52)
(51, 52)
(52, 52)
(53, 15)
(53, 16)
(53, 14)
(53, 17)
(53, 13)
(53, 18)
(53, 12)
(53, 19)
(53, 11)
(53, 20)
(53, 10)
(53, 21)
(53, 9)
(53, 22)
(53, 8)
(53, 23)
(53, 7)
(53, 24)
(53, 6)
(53, 25)
(53, 5)
(53, 26)
(53, 4)
(53, 27)
(53, 3)
(53, 28)
(53, 2)
(53, 29)
(53, 1)
(53, 30)
(53, 0)
(53, 31)
(53, 32)
(53, 33)
(53, 34)
(53, 35)
(53, 36)
(53, 37)
(53, 38)
(53, 39)
(53, 40)
(53, 41)
(53, 42)
(53, 43)
(53, 44)
(53, 45)
(53, 46)
(53, 47)
(53, 48)
(53, 49)
(53, 50)
(53, 51)
(53, 52)
(15, 53)
(14, 53)
(16, 53)
(13, 53)
(17, 53)
(12, 53)
(18, 53)
(11, 53)
(19, 53)
(10, 53)
(20, 53)
(9, 53)
(21, 53)
(8, 53)
(22, 53)
(7, 53)
(23, 53)
(6, 53)
(24, 53)
(5, 53)
(25, 53)
(4, 53)
(26, 53)
(3, 53)
(27, 53)
(2, 53)
(28, 53)
(1, 53)
(29, 53)
(0, 53)
(30, 53)
(31, 53)
(32, 53)
(33, 53)
(34, 53)
(35, 53)
(36, 53)
(37, 53)
(38, 53)
(39, 53)
(40, 53)
(41, 53)
(42, 53)
(43, 53)
(44, 53)
(45, 53)
(46, 53)
(47, 53)
(48, 53)
(49, 53)
(50, 53)
(51, 53)
(52, 53)
(53, 53)
(54, 15)
(54, 16)
(54, 14)
(54, 17)
(54, 13)
(54, 18)
(54, 12)
(54, 19)
(54, 11)
(54, 20)
(54, 10)
(54, 21)
(54, 9)
(54, 22)
(54, 8)
(54, 23)
(54, 7)
(54, 24)
(54, 6)
(54, 25)
(54, 5)
(54, 26)
(54, 4)
(54, 27)
(54, 3)
(54, 28)
(54, 2)
(54, 29)
(54, 1)
(54, 30)
(54, 0)
(54, 31)
(54, 32)
(54, 33)
(54, 34)
(54, 35)
(54, 36)
(54, 37)
(54, 38)
(54, 39)
(54, 40)
(54, 41)
(54, 42)
(54, 43)
(54, 44)
(54, 45)
(54, 46)
(54, 47)
(54, 48)
(54, 49)
(54, 50)
(54, 51)
(54, 52)
(54, 53)
(15, 54)
(14, 54)
(16, 54)
(13, 54)
(17, 54)
(12, 54)
(18, 54)
(11, 54)
(19, 54)
(10, 54)
(20, 54)
(9, 54)
(21, 54)
(8, 54)
(22, 54)
(7, 54)
(23, 54)
(6, 54)
(24, 54)
(5, 54)
(25, 54)
(4, 54)
(26, 54)
(3, 54)
(27, 54)
(2, 54)
(28, 54)
(1, 54)
(29, 54)
(0, 54)
(30, 54)
(31, 54)
(32, 54)
(33, 54)
(34, 54)
(35, 54)
(36, 54)
(37, 54)
(38, 54)
(39, 54)
(40, 54)
(41, 54)
(42, 54)
(43, 54)
(44, 54)
(45, 54)
(46, 54)
(47, 54)
(48, 54)
(49, 54)
(50, 54)
(51, 54)
(52, 54)
(53, 54)
(54, 54)
(55, 15)
(55, 16)
(55, 14)
(55, 17)
(55, 13)
(55, 18)
(55, 12)
(55, 19)
(55, 11)
(55, 20)
(55, 10)
(55, 21)
(55, 9)
(55, 22)
(55, 8)
(55, 23)
(55, 7)
(55, 24)
(55, 6)
(55, 25)
(55, 5)
(55, 26)
(55, 4)
(55, 27)
(55, 3)
(55, 28)
(55, 2)
(55, 29)
(55, 1)
(55, 30)
(55, 0)
(55, 31)
(55, 32)
(55, 33)
(55, 34)
(55, 35)
(55, 36)
(55, 37)
(15, 55)
(14, 55)
(16, 55)
(13, 55)
(17, 55)
(12, 55)
(18, 55)
(11, 55)
(19, 55)
(10, 55)
(20, 55)
(9, 55)
(21, 55)
(8, 55)
(22, 55)
(7, 55)
(23, 55)
(6, 55)
(24, 55)
(5, 55)
(25, 55)
(4, 55)
(26, 55)
(3, 55)
(27, 55)
(2, 55)
(28, 55)
(1, 55)
(29, 55)
(0, 55)
(30, 55)
(31, 55)
(32, 55)
(33, 55)
(34, 55)
(35, 55)
(36, 55)
(37, 55)
(38, 55)
(39, 55)
(40, 55)
(41, 55)
(42, 55)
(43, 55)
(44, 55)
(45, 55)
(46, 55)
(47, 55)
(48, 55)
(49, 55)
(50, 55)
(51, 55)
(52, 55)
(53, 55)
(54, 55)
(56, 15)
(56, 16)
(56, 14)
(56, 17)
(56, 13)
(56, 18)
(56, 12)
(56, 19)
(56, 11)
(56, 20)
(56, 10)
(56, 21)
(56, 9)
(56, 22)
(56, 8)
(56, 23)
(56, 7)
(56, 24)
(56, 6)
(56, 25)
(56, 5)
(56, 26)
(56, 4)
(56, 27)
(56, 3)
(56, 28)
(56, 2)
(56, 29)
(56, 1)
(56, 30)
(56, 0)
(56, 31)
(56, 32)
(56, 33)
(56, 34)
(56, 35)
(56, 36)
(56, 37)
(15, 56)
(14, 56)
(16, 56)
(13, 56)
(17, 56)
(12, 56)
(18, 56)
(11, 56)
(19, 56)
(10, 56)
(20, 56)
(9, 56)
(21, 56)
(8, 56)
(22, 56)
(7, 56)
(23, 56)
(6, 56)
(24, 56)
(5, 56)
(25, 56)
(4, 56)
(26, 56)
(3, 56)
(27, 56)
(2, 56)
(28, 56)
(1, 56)
(29, 56)
(0, 56)
(30, 56)
(31, 56)
(32, 56)
(33, 56)
(34, 56)
(35, 56)
(36, 56)
(37, 56)
(38, 56)
(39, 56)
(40, 56)
(41, 56)
(42, 56)
(43, 56)
(44, 56)
(45, 56)
(46, 56)
(47, 56)
(48, 56)
(49, 56)
(50, 56)
(51, 56)
(52, 56)
(53, 56)
(54, 56)
(57, 15)
(57, 16)
(57, 14)
(57, 17)
(57, 13)
(57, 18)
(57, 12)
(57, 19)
(57, 11)
(57, 20)
(57, 10)
(57, 21)
(57, 9)
(57, 22)
(57, 8)
(57, 23)
(57, 7)
(57, 24)
(57, 6)
(57, 25)
(57, 5)
(57, 26)
(57, 4)
(57, 27)
(57, 3)
(57, 28)
(57, 2)
(57, 29)
(57, 1)
(57, 30)
(57, 0)
(57, 31)
(57, 32)
(57, 33)
(57, 34)
(57, 35)
(57, 36)
(57, 37)
(15, 57)
(14, 57)
(16, 57)
(13, 57)
(17, 57)
(12, 57)
(18, 57)
(11, 57)
(19, 57)
(10, 57)
(20, 57)
(9, 57)
(21, 57)
(8, 57)
(22, 57)
(7, 57)
(23, 57)
(6, 57)
(24, 57)
(5, 57)
(25, 57)
(4, 57)
(26, 57)
(3, 57)
(27, 57)
(2, 57)
(28, 57)
(1, 57)
(29, 57)
(0, 57)
(30, 57)
(31, 57)
(32, 57)
(33, 57)
(34, 57)
(35, 57)
(36, 57)
(37, 57)
(38, 57)
(39, 57)
(40, 57)
(41, 57)
(42, 57)
(43, 57)
(44, 57)
(45, 57)
(46, 57)
(47, 57)
(48, 57)
(49, 57)
(50, 57)
(51, 57)
(52, 57)
(53, 57)
(54, 57)
(58, 15)
(58, 16)
(58, 14)
(58, 17)
(58, 13)
(58, 18)
(58, 12)
(58, 19)
(58, 11)
(58, 20)
(58, 10)
(58, 21)
(58, 9)
(58, 22)
(58, 8)
(58, 23)
(58, 7)
(58, 24)
(58, 6)
(58, 25)
(58, 5)
(58, 26)
(58, 4)
(58, 27)
(58, 3)
(58, 28)
(58, 2)
(58, 29)
(58, 1)
(58, 30)
(58, 0)
(58, 31)
(58, 32)
(58, 33)
(58, 34)
(58, 35)
(58, 36)
(58, 37)
(15, 58)
(14, 58)
(16, 58)
(13, 58)
(17, 58)
(12, 58)
(18, 58)
(11, 58)
(19, 58)
(10, 58)
(20, 58)
(9, 58)
(21, 58)
(8, 58)
(22, 58)
(7, 58)
(23, 58)
(6, 58)
(24, 58)
(5, 58)
(25, 58)
(4, 58)
(26, 58)
(3, 58)
(27, 58)
(2, 58)
(28, 58)
(1, 58)
(29, 58)
(0, 58)
(30, 58)
(31, 58)
(32, 58)
(33, 58)
(34, 58)
(35, 58)
(36, 58)
(37, 58)
(38, 58)
(39, 58)
(40, 58)
(41, 58)
(42, 58)
(43, 58)
(44, 58)
(45, 58)
(46, 58)
(47, 58)
(48, 58)
(49, 58)
(50, 58)
(51, 58)
(52, 58)
(53, 58)
(54, 58)
(59, 15)
(59, 16)
(59, 14)
(59, 17)
(59, 13)
(59, 18)
(59, 12)
(59, 19)
(59, 11)
(59, 20)
(59, 10)
(59, 21)
(59, 9)
(59, 22)
(59, 8)
(59, 23)
(59, 7)
(59, 24)
(59, 6)
(59, 25)
(59, 5)
(59, 26)
(59, 4)
(59, 27)
(59, 3)
(59, 28)
(59, 2)
(59, 29)
(59, 1)
(59, 30)
(59, 0)
(59, 31)
(59, 32)
(59, 33)
(59, 34)
(59, 35)
(59, 36)
(59, 37)
(15, 59)
(14, 59)
(16, 59)
(13, 59)
(17, 59)
(12, 59)
(18, 59)
(11, 59)
(19, 59)
(10, 59)
(20, 59)
(9, 59)
(21, 59)
(8, 59)
(22, 59)
(7, 59)
(23, 59)
(6, 59)
(24, 59)
(5, 59)
(25, 59)
(4, 59)
(26, 59)
(3, 59)
(27, 59)
(2, 59)
(28, 59)
(1, 59)
(29, 59)
(0, 59)
(30, 59)
(31, 59)
(32, 59)
(33, 59)
(34, 59)
(35, 59)
(36, 59)
(37, 59)
(38, 59)
(39, 59)
(40, 59)
(41, 59)
(42, 59)
(43, 59)
(44, 59)
(45, 59)
(46, 59)
(47, 59)
(48, 59)
(49, 59)
(50, 59)
(51, 59)
(52, 59)
(53, 59)
(54, 59)
(60, 15)
(60, 16)
(60, 14)
(60, 17)
(60, 13)
(60, 18)
(60, 12)
(60, 19)
(60, 11)
(60, 20)
(60, 10)
(60, 21)
(60, 9)
(60, 22)
(60, 8)
(60, 23)
(60, 7)
(60, 24)
(60, 6)
(60, 25)
(60, 5)
(60, 26)
(60, 4)
(60, 27)
(60, 3)
(60, 28)
(60, 2)
(60, 29)
(60, 1)
(60, 30)
(60, 0)
(60, 31)
(60, 32)
(60, 33)
(60, 34)
(60, 35)
(60, 36)
(60, 37)
(15, 60)
(14, 60)
(16, 60)
(13, 60)
(17, 60)
(12, 60)
(18, 60)
(11, 60)
(19, 60)
(10, 60)
(20, 60)
(9, 60)
(21, 60)
(8, 60)
(22, 60)
(7, 60)
(23, 60)
(6, 60)
(24, 60)
(5, 60)
(25, 60)
(4, 60)
(26, 60)
(3, 60)
(27, 60)
(2, 60)
(28, 60)
(1, 60)
(29, 60)
(0, 60)
(30, 60)
(31, 60)
(32, 60)
(33, 60)
(34, 60)
(35, 60)
(36, 60)
(37, 60)
(38, 60)
(39, 60)
(40, 60)
(41, 60)
(42, 60)
(43, 60)
(44, 60)
(45, 60)
(46, 60)
(47, 60)
(48, 60)
(49, 60)
(50, 60)
(51, 60)
(52, 60)
(53, 60)
(54, 60)
(61, 15)
(61, 16)
(61, 14)
(61, 17)
(61, 13)
(61, 18)
(61, 12)
(61, 19)
(61, 11)
(61, 20)
(61, 10)
(61, 21)
(61, 9)
(61, 22)
(61, 8)
(61, 23)
(61, 7)
(61, 24)
(61, 6)
(61, 25)
(61, 5)
(61, 26)
(61, 4)
(61, 27)
(61, 3)
(61, 28)
(61, 2)
(61, 29)
(61, 1)
(61, 30)
(61, 0)
(61, 31)
(61, 32)
(61, 33)
(61, 34)
(61, 35)
(61, 36)
(61, 37)
(15, 61)
(14, 61)
(16, 61)
(13, 61)
(17, 61)
(12, 61)
(18, 61)
(11, 61)
(19, 61)
(10, 61)
(20, 61)
(9, 61)
(21, 61)
(8, 61)
(22, 61)
(7, 61)
(23, 61)
(6, 61)
(24, 61)
(5, 61)
(25, 61)
(4, 61)
(26, 61)
(3, 61)
(27, 61)
(2, 61)
(28, 61)
(1, 61)
(29, 61)
(0, 61)
(30, 61)
(31, 61)
(32, 61)
(33, 61)
(34, 61)
(35, 61)
(36, 61)
(37, 61)
(38, 61)
(39, 61)
(40, 61)
(41, 61)
(42, 61)
(43, 61)
(44, 61)
(45, 61)
(46, 61)
(47, 61)
(48, 61)
(49, 61)
(50, 61)
(51, 61)
(52, 61)
(53, 61)
(54, 61)
(62, 15)
(62, 16)
(62, 14)
(62, 17)
(62, 13)
(62, 18)
(62, 12)
(62, 19)
(62, 11)
(62, 20)
(62, 10)
(62, 21)
(62, 9)
(62, 22)
(62, 8)
(62, 23)
(62, 7)
(62, 24)
(62, 6)
(62, 25)
(62, 5)
(62, 26)
(62, 4)
(62, 27)
(62, 3)
(62, 28)
(62, 2)
(62, 29)
(62, 1)
(62, 30)
(62, 0)
(62, 31)
(62, 32)
(62, 33)
(62, 34)
(62, 35)
(62, 36)
(62, 37)
(15, 62)
(14, 62)
(16, 62)
(13, 62)
(17, 62)
(12, 62)
(18, 62)
(11, 62)
(19, 62)
(10, 62)
(20, 62)
(9, 62)
(21, 62)
(8, 62)
(22, 62)
(7, 62)
(23, 62)
(6, 62)
(24, 62)
(5, 62)
(25, 62)
(4, 62)
(26, 62)
(3, 62)
(27, 62)
(2, 62)
(28, 62)
(1, 62)
(29, 62)
(0, 62)
(30, 62)
(31, 62)
(32, 62)
(33, 62)
(34, 62)
(35, 62)
(36, 62)
(37, 62)
(38, 62)
(39, 62)
(40, 62)
(41, 62)
(42, 62)
(43, 62)
(44, 62)
(45, 62)
(46, 62)
(47, 62)
(48, 62)
(49, 62)
(50, 62)
(51, 62)
(52, 62)
(53, 62)
(54, 62)
(63, 15)
(63, 16)
(63, 14)
(63, 17)
(63, 13)
(63, 18)
(63, 12)
(63, 19)
(63, 11)
(63, 20)
(63, 10)
(63, 21)
(63, 9)
(63, 22)
(63, 8)
(63, 23)
(63, 7)
(63, 24)
(63, 6)
(63, 25)
(63, 5)
(63, 26)
(63, 4)
(63, 27)
(63, 3)
(63, 28)
(63, 2)
(63, 29)
(63, 1)
(63, 30)
(63, 0)
(63, 31)
(63, 32)
(63, 33)
(63, 34)
(63, 35)
(63, 36)
(63, 37)
(15, 63)
(14, 63)
(16, 63)
(13, 63)
(17, 63)
(12, 63)
(18, 63)
(11, 63)
(19, 63)
(10, 63)
(20, 63)
(9, 63)
(21, 63)
(8, 63)
(22, 63)
(7, 63)
(23, 63)
(6, 63)
(24, 63)
(5, 63)
(25, 63)
(4, 63)
(26, 63)
(3, 63)
(27, 63)
(2, 63)
(28, 63)
(1, 63)
(29, 63)
(0, 63)
(30, 63)
(31, 63)
(32, 63)
(33, 63)
(34, 63)
(35, 63)
(36, 63)
(37, 63)
(38, 63)
(39, 63)
(40, 63)
(41, 63)
(42, 63)
(43, 63)
(44, 63)
(45, 63)
(46, 63)
(47, 63)
(48, 63)
(49, 63)
(50, 63)
(51, 63)
(52, 63)
(53, 63)
(54, 63)
(64, 15)
(64, 16)
(64, 14)
(64, 17)
(64, 13)
(64, 18)
(64, 12)
(64, 19)
(64, 11)
(64, 20)
(64, 10)
(64, 21)
(64, 9)
(64, 22)
(64, 8)
(64, 23)
(64, 7)
(64, 24)
(64, 6)
(64, 25)
(64, 5)
(64, 26)
(64, 4)
(64, 27)
(64, 3)
(64, 28)
(64, 2)
(64, 29)
(64, 1)
(64, 30)
(64, 0)
(64, 31)
(64, 32)
(64, 33)
(64, 34)
(64, 35)
(64, 36)
(64, 37)
(15, 64)
(14, 64)
(16, 64)
(13, 64)
(17, 64)
(12, 64)
(18, 64)
(11, 64)
(19, 64)
(10, 64)
(20, 64)
(9, 64)
(21, 64)
(8, 64)
(22, 64)
(7, 64)
(23, 64)
(6, 64)
(24, 64)
(5, 64)
(25, 64)
(4, 64)
(26, 64)
(3, 64)
(27, 64)
(2, 64)
(28, 64)
(1, 64)
(29, 64)
(0, 64)
(30, 64)
(31, 64)
(32, 64)
(33, 64)
(34, 64)
(35, 64)
(36, 64)
(37, 64)
(38, 64)
(39, 64)
(40, 64)
(41, 64)
(42, 64)
(43, 64)
(44, 64)
(45, 64)
(46, 64)
(47, 64)
(48, 64)
(49, 64)
(50, 64)
(51, 64)
(52, 64)
(53, 64)
(54, 64)
(65, 15)
(65, 16)
(65, 14)
(65, 17)
(65, 13)
(65, 18)
(65, 12)
(65, 19)
(65, 11)
(65, 20)
(65, 10)
(65, 21)
(65, 9)
(65, 22)
(65, 8)
(65, 23)
(65, 7)
(65, 24)
(65, 6)
(65, 25)
(65, 5)
(65, 26)
(65, 4)
(65, 27)
(65, 3)
(65, 28)
(65, 2)
(65, 29)
(65, 1)
(65, 30)
(65, 0)
(65, 31)
(65, 32)
(65, 33)
(65, 34)
(65, 35)
(65, 36)
(65, 37)
(15, 65)
(14, 65)
(16, 65)
(13, 65)
(17, 65)
(12, 65)
(18, 65)
(11, 65)
(19, 65)
(10, 65)
(20, 65)
(9, 65)
(21, 65)
(8, 65)
(22, 65)
(7, 65)
(23, 65)
(6, 65)
(24, 65)
(5, 65)
(25, 65)
(4, 65)
(26, 65)
(3, 65)
(27, 65)
(2, 65)
(28, 65)
(1, 65)
(29, 65)
(0, 65)
(30, 65)
(31, 65)
(32, 65)
(33, 65)
(34, 65)
(35, 65)
(36, 65)
(37, 65)
(38, 65)
(39, 65)
(40, 65)
(41, 65)
(42, 65)
(43, 65)
(44, 65)
(45, 65)
(46, 65)
(47, 65)
(48, 65)
(49, 65)
(50, 65)
(51, 65)
(52, 65)
(53, 65)
(54, 65)
(66, 15)
(66, 16)
(66, 14)
(66, 17)
(66, 13)
(66, 18)
(66, 12)
(66, 19)
(66, 11)
(66, 20)
(66, 10)
(66, 21)
(66, 9)
(66, 22)
(66, 8)
(66, 23)
(66, 7)
(66, 24)
(66, 6)
(66, 25)
(66, 5)
(66, 26)
(66, 4)
(66, 27)
(66, 3)
(66, 28)
(66, 2)
(66, 29)
(66, 1)
(66, 30)
(66, 0)
(66, 31)
(66, 32)
(66, 33)
(66, 34)
(66, 35)
(66, 36)
(66, 37)
(15, 66)
(14, 66)
(16, 66)
(13, 66)
(17, 66)
(12, 66)
(18, 66)
(11, 66)
(19, 66)
(10, 66)
(20, 66)
(9, 66)
(21, 66)
(8, 66)
(22, 66)
(7, 66)
(23, 66)
(6, 66)
(24, 66)
(5, 66)
(25, 66)
(4, 66)
(26, 66)
(3, 66)
(27, 66)
(2, 66)
(28, 66)
(1, 66)
(29, 66)
(0, 66)
(30, 66)
(31, 66)
(32, 66)
(33, 66)
(34, 66)
(35, 66)
(36, 66)
(37, 66)
(38, 66)
(39, 66)
(40, 66)
(41, 66)
(42, 66)
(43, 66)
(44, 66)
(45, 66)
(46, 66)
(47, 66)
(48, 66)
(49, 66)
(50, 66)
(51, 66)
(52, 66)
(53, 66)
(54, 66)
(67, 15)
(67, 16)
(67, 14)
(67, 17)
(67, 13)
(67, 18)
(67, 12)
(67, 19)
(67, 11)
(67, 20)
(67, 10)
(67, 21)
(67, 9)
(67, 22)
(67, 8)
(67, 23)
(67, 7)
(67, 24)
(67, 6)
(67, 25)
(67, 5)
(67, 26)
(67, 4)
(67, 27)
(67, 3)
(67, 28)
(67, 2)
(67, 29)
(67, 1)
(67, 30)
(67, 0)
(67, 31)
(67, 32)
(67, 33)
(67, 34)
(67, 35)
(67, 36)
(67, 37)
(15, 67)
(14, 67)
(16, 67)
(13, 67)
(17, 67)
(12, 67)
(18, 67)
(11, 67)
(19, 67)
(10, 67)
(20, 67)
(9, 67)
(21, 67)
(8, 67)
(22, 67)
(7, 67)
(23, 67)
(6, 67)
(24, 67)
(5, 67)
(25, 67)
(4, 67)
(26, 67)
(3, 67)
(27, 67)
(2, 67)
(28, 67)
(1, 67)
(29, 67)
(0, 67)
(30, 67)
(31, 67)
(32, 67)
(33, 67)
(34, 67)
(35, 67)
(36, 67)
(37, 67)
(38, 67)
(39, 67)
(40, 67)
(41, 67)
(42, 67)
(43, 67)
(44, 67)
(45, 67)
(46, 67)
(47, 67)
(48, 67)
(49, 67)
(50, 67)
(51, 67)
(52, 67)
(53, 67)
(54, 67)
(68, 15)
(68, 16)
(68, 14)
(68, 17)
(68, 13)
(68, 18)
(68, 12)
(68, 19)
(68, 11)
(68, 20)
(68, 10)
(68, 21)
(68, 9)
(68, 22)
(68, 8)
(68, 23)
(68, 7)
(68, 24)
(68, 6)
(68, 25)
(68, 5)
(68, 26)
(68, 4)
(68, 27)
(68, 3)
(68, 28)
(68, 2)
(68, 29)
(68, 1)
(68, 30)
(68, 0)
(68, 31)
(68, 32)
(68, 33)
(68, 34)
(68, 35)
(68, 36)
(68, 37)
(15, 68)
(14, 68)
(16, 68)
(13, 68)
(17, 68)
(12, 68)
(18, 68)
(11, 68)
(19, 68)
(10, 68)
(20, 68)
(9, 68)
(21, 68)
(8, 68)
(22, 68)
(7, 68)
(23, 68)
(6, 68)
(24, 68)
(5, 68)
(25, 68)
(4, 68)
(26, 68)
(3, 68)
(27, 68)
(2, 68)
(28, 68)
(1, 68)
(29, 68)
(0, 68)
(30, 68)
(31, 68)
(32, 68)
(33, 68)
(34, 68)
(35, 68)
(36, 68)
(37, 68)
(38, 68)
(39, 68)
(40, 68)
(41, 68)
(42, 68)
(43, 68)
(44, 68)
(45, 68)
(46, 68)
(47, 68)
(48, 68)
(49, 68)
(50, 68)
(51, 68)
(52, 68)
(53, 68)
(54, 68)
(69, 15)
(69, 16)
(69, 14)
(69, 17)
(69, 13)
(69, 18)
(69, 12)
(69, 19)
(69, 11)
(69, 20)
(69, 10)
(69, 21)
(69, 9)
(69, 22)
(69, 8)
(69, 23)
(69, 7)
(69, 24)
(69, 6)
(69, 25)
(69, 5)
(69, 26)
(69, 4)
(69, 27)
(69, 3)
(69, 28)
(69, 2)
(69, 29)
(69, 1)
(69, 30)
(69, 0)
(69, 31)
(69, 32)
(69, 33)
(69, 34)
(69, 35)
(69, 36)
(69, 37)
(15, 69)
(14, 69)
(16, 69)
(13, 69)
(17, 69)
(12, 69)
(18, 69)
(11, 69)
(19, 69)
(10, 69)
(20, 69)
(9, 69)
(21, 69)
(8, 69)
(22, 69)
(7, 69)
(23, 69)
(6, 69)
(24, 69)
(5, 69)
(25, 69)
(4, 69)
(26, 69)
(3, 69)
(27, 69)
(2, 69)
(28, 69)
(1, 69)
(29, 69)
(0, 69)
(30, 69)
(31, 69)
(32, 69)
(33, 69)
(34, 69)
(35, 69)
(36, 69)
(37, 69)
(38, 69)
(39, 69)
(40, 69)
(41, 69)
(42, 69)
(43, 69)
(44, 69)
(45, 69)
(46, 69)
(47, 69)
(48, 69)
(49, 69)
(50, 69)
(51, 69)
(52, 69)
(53, 69)
(54, 69)
(70, 15)
(70, 16)
(70, 14)
(70, 17)
(70, 13)
(70, 18)
(70, 12)
(70, 19)
(70, 11)
(70, 20)
(70, 10)
(70, 21)
(70, 9)
(70, 22)
(70, 8)
(70, 23)
(70, 7)
(70, 24)
(70, 6)
(70, 25)
(70, 5)
(70, 26)
(70, 4)
(70, 27)
(70, 3)
(70, 28)
(70, 2)
(70, 29)
(70, 1)
(70, 30)
(70, 0)
(70, 31)
(70, 32)
(70, 33)
(70, 34)
(70, 35)
(70, 36)
(70, 37)
(15, 70)
(14, 70)
(16, 70)
(13, 70)
(17, 70)
(12, 70)
(18, 70)
(11, 70)
(19, 70)
(10, 70)
(20, 70)
(9, 70)
(21, 70)
(8, 70)
(22, 70)
(7, 70)
(23, 70)
(6, 70)
(24, 70)
(5, 70)
(25, 70)
(4, 70)
(26, 70)
(3, 70)
(27, 70)
(2, 70)
(28, 70)
(1, 70)
(29, 70)
(0, 70)
(30, 70)
(31, 70)
(32, 70)
(33, 70)
(34, 70)
(35, 70)
(36, 70)
(37, 70)
(38, 70)
(39, 70)
(40, 70)
(41, 70)
(42, 70)
(43, 70)
(44, 70)
(45, 70)
(46, 70)
(47, 70)
(48, 70)
(49, 70)
(50, 70)
(51, 70)
(52, 70)
(53, 70)
(54, 70)
(71, 15)
(71, 16)
(71, 14)
(71, 17)
(71, 13)
(71, 18)
(71, 12)
(71, 19)
(71, 11)
(71, 20)
(71, 10)
(71, 21)
(71, 9)
(71, 22)
(71, 8)
(71, 23)
(71, 7)
(71, 24)
(71, 6)
(71, 25)
(71, 5)
(71, 26)
(71, 4)
(71, 27)
(71, 3)
(71, 28)
(71, 2)
(71, 29)
(71, 1)
(71, 30)
(71, 0)
(71, 31)
(71, 32)
(71, 33)
(71, 34)
(71, 35)
(71, 36)
(71, 37)
(15, 71)
(14, 71)
(16, 71)
(13, 71)
(17, 71)
(12, 71)
(18, 71)
(11, 71)
(19, 71)
(10, 71)
(20, 71)
(9, 71)
(21, 71)
(8, 71)
(22, 71)
(7, 71)
(23, 71)
(6, 71)
(24, 71)
(5, 71)
(25, 71)
(4, 71)
(26, 71)
(3, 71)
(27, 71)
(2, 71)
(28, 71)
(1, 71)
(29, 71)
(0, 71)
(30, 71)
(31, 71)
(32, 71)
(33, 71)
(34, 71)
(35, 71)
(36, 71)
(37, 71)
(38, 71)
(39, 71)
(40, 71)
(41, 71)
(42, 71)
(43, 71)
(44, 71)
(45, 71)
(46, 71)
(47, 71)
(48, 71)
(49, 71)
(50, 71)
(51, 71)
(52, 71)
(53, 71)
(54, 71)
(72, 15)
(72, 16)
(72, 14)
(72, 17)
(72, 13)
(72, 18)
(72, 12)
(72, 19)
(72, 11)
(72, 20)
(72, 10)
(72, 21)
(72, 9)
(72, 22)
(72, 8)
(72, 23)
(72, 7)
(72, 24)
(72, 6)
(72, 25)
(72, 5)
(72, 26)
(72, 4)
(72, 27)
(72, 3)
(72, 28)
(72, 2)
(72, 29)
(72, 1)
(72, 30)
(72, 0)
(72, 31)
(72, 32)
(72, 33)
(72, 34)
(72, 35)
(72, 36)
(72, 37)
(15, 72)
(14, 72)
(16, 72)
(13, 72)
(17, 72)
(12, 72)
(18, 72)
(11, 72)
(19, 72)
(10, 72)
(20, 72)
(9, 72)
(21, 72)
(8, 72)
(22, 72)
(7, 72)
(23, 72)
(6, 72)
(24, 72)
(5, 72)
(25, 72)
(4, 72)
(26, 72)
(3, 72)
(27, 72)
(2, 72)
(28, 72)
(1, 72)
(29, 72)
(0, 72)
(30, 72)
(31, 72)
(32, 72)
(33, 72)
(34, 72)
(35, 72)
(36, 72)
(37, 72)
(38, 72)
(39, 72)
(40, 72)
(41, 72)
(42, 72)
(43, 72)
(44, 72)
(45, 72)
(46, 72)
(47, 72)
(48, 72)
(49, 72)
(50, 72)
(51, 72)
(52, 72)
(53, 72)
(54, 72)
(73, 15)
(73, 16)
(73, 14)
(73, 17)
(73, 13)
(73, 18)
(73, 12)
(73, 19)
(73, 11)
(73, 20)
(73, 10)
(73, 21)
(73, 9)
(73, 22)
(73, 8)
(73, 23)
(73, 7)
(73, 24)
(73, 6)
(73, 25)
(73, 5)
(73, 26)
(73, 4)
(73, 27)
(73, 3)
(73, 28)
(73, 2)
(73, 29)
(73, 1)
(73, 30)
(73, 0)
(73, 31)
(73, 32)
(73, 33)
(73, 34)
(73, 35)
(73, 36)
(73, 37)
(15, 73)
(14, 73)
(16, 73)
(13, 73)
(17, 73)
(12, 73)
(18, 73)
(11, 73)
(19, 73)
(10, 73)
(20, 73)
(9, 73)
(21, 73)
(8, 73)
(22, 73)
(7, 73)
(23, 73)
(6, 73)
(24, 73)
(5, 73)
(25, 73)
(4, 73)
(26, 73)
(3, 73)
(27, 73)
(2, 73)
(28, 73)
(1, 73)
(29, 73)
(0, 73)
(30, 73)
(31, 73)
(32, 73)
(33, 73)
(34, 73)
(35, 73)
(36, 73)
(37, 73)
(38, 73)
(39, 73)
(40, 73)
(41, 73)
(42, 73)
(43, 73)
(44, 73)
(45, 73)
(46, 73)
(47, 73)
(48, 73)
(49, 73)
(50, 73)
(51, 73)
(52, 73)
(53, 73)
(54, 73)
(74, 15)
(74, 16)
(74, 14)
(74, 17)
(74, 13)
(74, 18)
(74, 12)
(74, 19)
(74, 11)
(74, 20)
(74, 10)
(74, 21)
(74, 9)
(74, 22)
(74, 8)
(74, 23)
(74, 7)
(74, 24)
(74, 6)
(74, 25)
(74, 5)
(74, 26)
(74, 4)
(74, 27)
(74, 3)
(74, 28)
(74, 2)
(74, 29)
(74, 1)
(74, 30)
(74, 0)
(74, 31)
(74, 32)
(74, 33)
(74, 34)
(74, 35)
(74, 36)
(74, 37)
(15, 74)
(14, 74)
(16, 74)
(13, 74)
(17, 74)
(12, 74)
(18, 74)
(11, 74)
(19, 74)
(10, 74)
(20, 74)
(9, 74)
(21, 74)
(8, 74)
(22, 74)
(7, 74)
(23, 74)
(6, 74)
(24, 74)
(5, 74)
(25, 74)
(4, 74)
(26, 74)
(3, 74)
(27, 74)
(2, 74)
(28, 74)
(1, 74)
(29, 74)
(0, 74)
(30, 74)
(31, 74)
(32, 74)
(33, 74)
(34, 74)
(35, 74)
(36, 74)
(37, 74)
(38, 74)
(39, 74)
(40, 74)
(41, 74)
(42, 74)
(43, 74)
(44, 74)
(45, 74)
(46, 74)
(47, 74)
(48, 74)
(49, 74)
(50, 74)
(51, 74)
(52, 74)
(53, 74)
(54, 74)
(75, 15)
(75, 16)
(75, 14)
(75, 17)
(75, 13)
(75, 18)
(75, 12)
(75, 19)
(75, 11)
(75, 20)
(75, 10)
(75, 21)
(75, 9)
(75, 22)
(75, 8)
(75, 23)
(75, 7)
(75, 24)
(75, 6)
(75, 25)
(75, 5)
(75, 26)
(75, 4)
(75, 27)
(75, 3)
(75, 28)
(75, 2)
(75, 29)
(75, 1)
(75, 30)
(75, 0)
(75, 31)
(75, 32)
(75, 33)
(75, 34)
(75, 35)
(75, 36)
(75, 37)
(15, 75)
(14, 75)
(16, 75)
(13, 75)
(17, 75)
(12, 75)
(18, 75)
(11, 75)
(19, 75)
(10, 75)
(20, 75)
(9, 75)
(21, 75)
(8, 75)
(22, 75)
(7, 75)
(23, 75)
(6, 75)
(24, 75)
(5, 75)
(25, 75)
(4, 75)
(26, 75)
(3, 75)
(27, 75)
(2, 75)
(28, 75)
(1, 75)
(29, 75)
(0, 75)
(30, 75)
(31, 75)
(32, 75)
(33, 75)
(34, 75)
(35, 75)
(36, 75)
(37, 75)
(38, 75)
(39, 75)
(40, 75)
(41, 75)
(42, 75)
(43, 75)
(44, 75)
(45, 75)
(46, 75)
(47, 75)
(48, 75)
(49, 75)
(50, 75)
(51, 75)
(52, 75)
(53, 75)
(54, 75)
(76, 15)
(76, 16)
(76, 14)
(76, 17)
(76, 13)
(76, 18)
(76, 12)
(76, 19)
(76, 11)
(76, 20)
(76, 10)
(76, 21)
(76, 9)
(76, 22)
(76, 8)
(76, 23)
(76, 7)
(76, 24)
(76, 6)
(76, 25)
(76, 5)
(76, 26)
(76, 4)
(76, 27)
(76, 3)
(76, 28)
(76, 2)
(76, 29)
(76, 1)
(76, 30)
(76, 0)
(76, 31)
(76, 32)
(76, 33)
(76, 34)
(76, 35)
(76, 36)
(76, 37)
(15, 76)
(14, 76)
(16, 76)
(13, 76)
(17, 76)
(12, 76)
(18, 76)
(11, 76)
(19, 76)
(10, 76)
(20, 76)
(9, 76)
(21, 76)
(8, 76)
(22, 76)
(7, 76)
(23, 76)
(6, 76)
(24, 76)
(5, 76)
(25, 76)
(4, 76)
(26, 76)
(3, 76)
(27, 76)
(2, 76)
(28, 76)
(1, 76)
(29, 76)
(0, 76)
(30, 76)
(31, 76)
(32, 76)
(33, 76)
(34, 76)
(35, 76)
(36, 76)
(37, 76)
(38, 76)
(39, 76)
(40, 76)
(41, 76)
(42, 76)
(43, 76)
(44, 76)
(45, 76)
(46, 76)
(47, 76)
(48, 76)
(49, 76)
(50, 76)
(51, 76)
(52, 76)
(53, 76)
(54, 76)
(77, 15)
(77, 16)
(77, 14)
(77, 17)
(77, 13)
(77, 18)
(77, 12)
(77, 19)
(77, 11)
(77, 20)
(77, 10)
(77, 21)
(77, 9)
(77, 22)
(77, 8)
(77, 23)
(77, 7)
(77, 24)
(77, 6)
(77, 25)
(77, 5)
(77, 26)
(77, 4)
(77, 27)
(77, 3)
(77, 28)
(77, 2)
(77, 29)
(77, 1)
(77, 30)
(77, 0)
(77, 31)
(77, 32)
(77, 33)
(77, 34)
(77, 35)
(77, 36)
(77, 37)
(15, 77)
(14, 77)
(16, 77)
(13, 77)
(17, 77)
(12, 77)
(18, 77)
(11, 77)
(19, 77)
(10, 77)
(20, 77)
(9, 77)
(21, 77)
(8, 77)
(22, 77)
(7, 77)
(23, 77)
(6, 77)
(24, 77)
(5, 77)
(25, 77)
(4, 77)
(26, 77)
(3, 77)
(27, 77)
(2, 77)
(28, 77)
(1, 77)
(29, 77)
(0, 77)
(30, 77)
(31, 77)
(32, 77)
(33, 77)
(34, 77)
(35, 77)
(36, 77)
(37, 77)
(38, 77)
(39, 77)
(40, 77)
(41, 77)
(42, 77)
(43, 77)
(44, 77)
(45, 77)
(46, 77)
(47, 77)
(48, 77)
(49, 77)
(50, 77)
(51, 77)
(52, 77)
(53, 77)
(54, 77)
(78, 15)
(78, 16)
(78, 14)
(78, 17)
(78, 13)
(78, 18)
(78, 12)
(78, 19)
(78, 11)
(78, 20)
(78, 10)
(78, 21)
(78, 9)
(78, 22)
(78, 8)
(78, 23)
(78, 7)
(78, 24)
(78, 6)
(78, 25)
(78, 5)
(78, 26)
(78, 4)
(78, 27)
(78, 3)
(78, 28)
(78, 2)
(78, 29)
(78, 1)
(78, 30)
(78, 0)
(78, 31)
(78, 32)
(78, 33)
(78, 34)
(78, 35)
(78, 36)
(78, 37)
(15, 78)
(14, 78)
(16, 78)
(13, 78)
(17, 78)
(12, 78)
(18, 78)
(11, 78)
(19, 78)
(10, 78)
(20, 78)
(9, 78)
(21, 78)
(8, 78)
(22, 78)
(7, 78)
(23, 78)
(6, 78)
(24, 78)
(5, 78)
(25, 78)
(4, 78)
(26, 78)
(3, 78)
(27, 78)
(2, 78)
(28, 78)
(1, 78)
(29, 78)
(0, 78)
(30, 78)
(31, 78)
(32, 78)
(33, 78)
(34, 78)
(35, 78)
(36, 78)
(37, 78)
(38, 78)
(39, 78)
(40, 78)
(41, 78)
(42, 78)
(43, 78)
(44, 78)
(45, 78)
(46, 78)
(47, 78)
(48, 78)
(49, 78)
(50, 78)
(51, 78)
(52, 78)
(53, 78)
(54, 78)
(79, 15)
(79, 16)
(79, 14)
(79, 17)
(79, 13)
(79, 18)
(79, 12)
(79, 19)
(79, 11)
(79, 20)
(79, 10)
(79, 21)
(79, 9)
(79, 22)
(79, 8)
(79, 23)
(79, 7)
(79, 24)
(79, 6)
(79, 25)
(79, 5)
(79, 26)
(79, 4)
(79, 27)
(79, 3)
(79, 28)
(79, 2)
(79, 29)
(79, 1)
(79, 30)
(79, 0)
(79, 31)
(79, 32)
(79, 33)
(79, 34)
(79, 35)
(79, 36)
(79, 37)
(15, 79)
(14, 79)
(16, 79)
(13, 79)
(17, 79)
(12, 79)
(18, 79)
(11, 79)
(19, 79)
(10, 79)
(20, 79)
(9, 79)
(21, 79)
(8, 79)
(22, 79)
(7, 79)
(23, 79)
(6, 79)
(24, 79)
(5, 79)
(25, 79)
(4, 79)
(26, 79)
(3, 79)
(27, 79)
(2, 79)
(28, 79)
(1, 79)
(29, 79)
(0, 79)
(30, 79)
(31, 79)
(32, 79)
(33, 79)
(34, 79)
(35, 79)
(36, 79)
(37, 79)
(38, 79)
(39, 79)
(40, 79)
(41, 79)
(42, 79)
(43, 79)
(44, 79)
(45, 79)
(46, 79)
(47, 79)
(48, 79)
(49, 79)
(50, 79)
(51, 79)
(52, 79)
(53, 79)
(54, 79)
(80, 15)
(80, 16)
(80, 14)
(80, 17)
(80, 13)
(80, 18)
(80, 12)
(80, 19)
(80, 11)
(80, 20)
(80, 10)
(80, 21)
(80, 9)
(80, 22)
(80, 8)
(80, 23)
(80, 7)
(80, 24)
(80, 6)
(80, 25)
(80, 5)
(80, 26)
(80, 4)
(80, 27)
(80, 3)
(80, 28)
(80, 2)
(80, 29)
(80, 1)
(80, 30)
(80, 0)
(80, 31)
(80, 32)
(80, 33)
(80, 34)
(80, 35)
(80, 36)
(80, 37)
(15, 80)
(14, 80)
(16, 80)
(13, 80)
(17, 80)
(12, 80)
(18, 80)
(11, 80)
(19, 80)
(10, 80)
(20, 80)
(9, 80)
(21, 80)
(8, 80)
(22, 80)
(7, 80)
(23, 80)
(6, 80)
(24, 80)
(5, 80)
(25, 80)
(4, 80)
(26, 80)
(3, 80)
(27, 80)
(2, 80)
(28, 80)
(1, 80)
(29, 80)
(0, 80)
(30, 80)
(31, 80)
(32, 80)
(33, 80)
(34, 80)
(35, 80)
(36, 80)
(37, 80)
(38, 80)
(39, 80)
(40, 80)
(41, 80)
(42, 80)
(43, 80)
(44, 80)
(45, 80)
(46, 80)
(47, 80)
(48, 80)
(49, 80)
(50, 80)
(51, 80)
(52, 80)
(53, 80)
(54, 80)
(81, 15)
(81, 16)
(81, 14)
(81, 17)
(81, 13)
(81, 18)
(81, 12)
(81, 19)
(81, 11)
(81, 20)
(81, 10)
(81, 21)
(81, 9)
(81, 22)
(81, 8)
(81, 23)
(81, 7)
(81, 24)
(81, 6)
(81, 25)
(81, 5)
(81, 26)
(81, 4)
(81, 27)
(81, 3)
(81, 28)
(81, 2)
(81, 29)
(81, 1)
(81, 30)
(81, 0)
(81, 31)
(81, 32)
(81, 33)
(81, 34)
(81, 35)
(81, 36)
(81, 37)
(15, 81)
(14, 81)
(16, 81)
(13, 81)
(17, 81)
(12, 81)
(18, 81)
(11, 81)
(19, 81)
(10, 81)
(20, 81)
(9, 81)
(21, 81)
(8, 81)
(22, 81)
(7, 81)
(23, 81)
(6, 81)
(24, 81)
(5, 81)
(25, 81)
(4, 81)
(26, 81)
(3, 81)
(27, 81)
(2, 81)
(28, 81)
(1, 81)
(29, 81)
(0, 81)
(30, 81)
(31, 81)
(32, 81)
(33, 81)
(34, 81)
(35, 81)
(36, 81)
(37, 81)
(38, 81)
(39, 81)
(40, 81)
(41, 81)
(42, 81)
(43, 81)
(44, 81)
(45, 81)
(46, 81)
(47, 81)
(48, 81)
(49, 81)
(50, 81)
(51, 81)
(52, 81)
(53, 81)
(54, 81)
(82, 15)
(82, 16)
(82, 14)
(82, 17)
(82, 13)
(82, 18)
(82, 12)
(82, 19)
(82, 11)
(82, 20)
(82, 10)
(82, 21)
(82, 9)
(82, 22)
(82, 8)
(82, 23)
(82, 7)
(82, 24)
(82, 6)
(82, 25)
(82, 5)
(82, 26)
(82, 4)
(82, 27)
(82, 3)
(82, 28)
(82, 2)
(82, 29)
(82, 1)
(82, 30)
(82, 0)
(82, 31)
(82, 32)
(82, 33)
(82, 34)
(82, 35)
(82, 36)
(82, 37)
(15, 82)
(14, 82)
(16, 82)
(13, 82)
(17, 82)
(12, 82)
(18, 82)
(11, 82)
(19, 82)
(10, 82)
(20, 82)
(9, 82)
(21, 82)
(8, 82)
(22, 82)
(7, 82)
(23, 82)
(6, 82)
(24, 82)
(5, 82)
(25, 82)
(4, 82)
(26, 82)
(3, 82)
(27, 82)
(2, 82)
(28, 82)
(1, 82)
(29, 82)
(0, 82)
(30, 82)
(31, 82)
(32, 82)
(33, 82)
(34, 82)
(35, 82)
(36, 82)
(37, 82)
(38, 82)
(39, 82)
(40, 82)
(41, 82)
(42, 82)
(43, 82)
(44, 82)
(45, 82)
(46, 82)
(47, 82)
(48, 82)
(49, 82)
(50, 82)
(51, 82)
(52, 82)
(53, 82)
(54, 82)
(83, 15)
(83, 16)
(83, 14)
(83, 17)
(83, 13)
(83, 18)
(83, 12)
(83, 19)
(83, 11)
(83, 20)
(83, 10)
(83, 21)
(83, 9)
(83, 22)
(83, 8)
(83, 23)
(83, 7)
(83, 24)
(83, 6)
(83, 25)
(83, 5)
(83, 26)
(83, 4)
(83, 27)
(83, 3)
(83, 28)
(83, 2)
(83, 29)
(83, 1)
(83, 30)
(83, 0)
(83, 31)
(83, 32)
(83, 33)
(83, 34)
(83, 35)
(83, 36)
(83, 37)
(15, 83)
(14, 83)
(16, 83)
(13, 83)
(17, 83)
(12, 83)
(18, 83)
(11, 83)
(19, 83)
(10, 83)
(20, 83)
(9, 83)
(21, 83)
(8, 83)
(22, 83)
(7, 83)
(23, 83)
(6, 83)
(24, 83)
(5, 83)
(25, 83)
(4, 83)
(26, 83)
(3, 83)
(27, 83)
(2, 83)
(28, 83)
(1, 83)
(29, 83)
(0, 83)
(30, 83)
(31, 83)
(32, 83)
(33, 83)
(34, 83)
(35, 83)
(36, 83)
(37, 83)
(38, 83)
(39, 83)
(40, 83)
(41, 83)
(42, 83)
(43, 83)
(44, 83)
(45, 83)
(46, 83)
(47, 83)
(48, 83)
(49, 83)
(50, 83)
(51, 83)
(52, 83)
(53, 83)
(54, 83)
(84, 15)
(84, 16)
(84, 14)
(84, 17)
(84, 13)
(84, 18)
(84, 12)
(84, 19)
(84, 11)
(84, 20)
(84, 10)
(84, 21)
(84, 9)
(84, 22)
(84, 8)
(84, 23)
(84, 7)
(84, 24)
(84, 6)
(84, 25)
(84, 5)
(84, 26)
(84, 4)
(84, 27)
(84, 3)
(84, 28)
(84, 2)
(84, 29)
(84, 1)
(84, 30)
(84, 0)
(84, 31)
(84, 32)
(84, 33)
(84, 34)
(84, 35)
(84, 36)
(84, 37)
(15, 84)
(14, 84)
(16, 84)
(13, 84)
(17, 84)
(12, 84)
(18, 84)
(11, 84)
(19, 84)
(10, 84)
(20, 84)
(9, 84)
(21, 84)
(8, 84)
(22, 84)
(7, 84)
(23, 84)
(6, 84)
(24, 84)
(5, 84)
(25, 84)
(4, 84)
(26, 84)
(3, 84)
(27, 84)
(2, 84)
(28, 84)
(1, 84)
(29, 84)
(0, 84)
(30, 84)
(31, 84)
(32, 84)
(33, 84)
(34, 84)
(35, 84)
(36, 84)
(37, 84)
(38, 84)
(39, 84)
(40, 84)
(41, 84)
(42, 84)
(43, 84)
(44, 84)
(45, 84)
(46, 84)
(47, 84)
(48, 84)
(49, 84)
(50, 84)
(51, 84)
(52, 84)
(53, 84)
(54, 84)
(55, 84)
(85, 15)
(85, 16)
(85, 14)
(85, 17)
(85, 13)
(85, 18)
(85, 12)
(85, 19)
(85, 11)
(85, 20)
(85, 10)
(85, 21)
(85, 9)
(85, 22)
(85, 8)
(85, 23)
(85, 7)
(85, 24)
(85, 6)
(85, 25)
(85, 5)
(85, 26)
(85, 4)
(85, 27)
(85, 3)
(85, 28)
(85, 2)
(85, 29)
(85, 1)
(85, 30)
(85, 0)
(85, 31)
(85, 32)
(85, 33)
(85, 34)
(85, 35)
(85, 36)
(85, 37)
(15, 85)
(14, 85)
(16, 85)
(13, 85)
(17, 85)
(12, 85)
(18, 85)
(11, 85)
(19, 85)
(10, 85)
(20, 85)
(9, 85)
(21, 85)
(8, 85)
(22, 85)
(7, 85)
(23, 85)
(6, 85)
(24, 85)
(5, 85)
(25, 85)
(4, 85)
(26, 85)
(3, 85)
(27, 85)
(2, 85)
(28, 85)
(1, 85)
(29, 85)
(0, 85)
(30, 85)
(31, 85)
(32, 85)
(33, 85)
(34, 85)
(35, 85)
(36, 85)
(37, 85)
(38, 85)
(39, 85)
(40, 85)
(41, 85)
(42, 85)
(43, 85)
(44, 85)
(45, 85)
(46, 85)
(47, 85)
(48, 85)
(49, 85)
(50, 85)
(51, 85)
(52, 85)
(53, 85)
(54, 85)
(55, 85)
(56, 84)
(56, 85)
(86, 15)
(86, 16)
(86, 14)
(86, 17)
(86, 13)
(86, 18)
(86, 12)
(86, 19)
(86, 11)
(86, 20)
(86, 10)
(86, 21)
(86, 9)
(86, 22)
(86, 8)
(86, 23)
(86, 7)
(86, 24)
(86, 6)
(86, 25)
(86, 5)
(86, 26)
(86, 4)
(86, 27)
(86, 3)
(86, 28)
(86, 2)
(86, 29)
(86, 1)
(86, 30)
(86, 0)
(86, 31)
(86, 32)
(86, 33)
(86, 34)
(86, 35)
(86, 36)
(86, 37)
(15, 86)
(14, 86)
(16, 86)
(13, 86)
(17, 86)
(12, 86)
(18, 86)
(11, 86)
(19, 86)
(10, 86)
(20, 86)
(9, 86)
(21, 86)
(8, 86)
(22, 86)
(7, 86)
(23, 86)
(6, 86)
(24, 86)
(5, 86)
(25, 86)
(4, 86)
(26, 86)
(3, 86)
(27, 86)
(2, 86)
(28, 86)
(1, 86)
(29, 86)
(0, 86)
(30, 86)
(31, 86)
(32, 86)
(33, 86)
(34, 86)
(35, 86)
(36, 86)
(37, 86)
(38, 86)
(39, 86)
(40, 86)
(41, 86)
(42, 86)
(43, 86)
(44, 86)
(45, 86)
(46, 86)
(47, 86)
(48, 86)
(49, 86)
(50, 86)
(51, 86)
(52, 86)
(53, 86)
(54, 86)
(55, 86)
(56, 86)
(57, 84)
(57, 85)
(57, 86)
(87, 15)
(87, 16)
(87, 14)
(87, 17)
(87, 13)
(87, 18)
(87, 12)
(87, 19)
(87, 11)
(87, 20)
(87, 10)
(87, 21)
(87, 9)
(87, 22)
(87, 8)
(87, 23)
(87, 7)
(87, 24)
(87, 6)
(87, 25)
(87, 5)
(87, 26)
(87, 4)
(87, 27)
(87, 3)
(87, 28)
(87, 2)
(87, 29)
(87, 1)
(87, 30)
(87, 0)
(87, 31)
(87, 32)
(87, 33)
(87, 34)
(87, 35)
(87, 36)
(87, 37)
(15, 87)
(14, 87)
(16, 87)
(13, 87)
(17, 87)
(12, 87)
(18, 87)
(11, 87)
(19, 87)
(10, 87)
(20, 87)
(9, 87)
(21, 87)
(8, 87)
(22, 87)
(7, 87)
(23, 87)
(6, 87)
(24, 87)
(5, 87)
(25, 87)
(4, 87)
(26, 87)
(3, 87)
(27, 87)
(2, 87)
(28, 87)
(1, 87)
(29, 87)
(0, 87)
(30, 87)
(31, 87)
(32, 87)
(33, 87)
(34, 87)
(35, 87)
(36, 87)
(37, 87)
(38, 87)
(39, 87)
(40, 87)
(41, 87)
(42, 87)
(43, 87)
(44, 87)
(45, 87)
(46, 87)
(47, 87)
(48, 87)
(49, 87)
(50, 87)
(51, 87)
(52, 87)
(53, 87)
(54, 87)
(55, 87)
(56, 87)
(57, 87)
(58, 84)
(58, 85)
(58, 86)
(58, 87)
(88, 15)
(88, 16)
(88, 14)
(88, 17)
(88, 13)
(88, 18)
(88, 12)
(88, 19)
(88, 11)
(88, 20)
(88, 10)
(88, 21)
(88, 9)
(88, 22)
(88, 8)
(88, 23)
(88, 7)
(88, 24)
(88, 6)
(88, 25)
(88, 5)
(88, 26)
(88, 4)
(88, 27)
(88, 3)
(88, 28)
(88, 2)
(88, 29)
(88, 1)
(88, 30)
(88, 0)
(88, 31)
(88, 32)
(88, 33)
(88, 34)
(88, 35)
(88, 36)
(88, 37)
(15, 88)
(14, 88)
(16, 88)
(13, 88)
(17, 88)
(12, 88)
(18, 88)
(11, 88)
(19, 88)
(10, 88)
(20, 88)
(9, 88)
(21, 88)
(8, 88)
(22, 88)
(7, 88)
(23, 88)
(6, 88)
(24, 88)
(5, 88)
(25, 88)
(4, 88)
(26, 88)
(3, 88)
(27, 88)
(2, 88)
(28, 88)
(1, 88)
(29, 88)
(0, 88)
(30, 88)
(31, 88)
(32, 88)
(33, 88)
(34, 88)
(35, 88)
(36, 88)
(37, 88)
(38, 88)
(39, 88)
(40, 88)
(41, 88)
(42, 88)
(43, 88)
(44, 88)
(45, 88)
(46, 88)
(47, 88)
(48, 88)
(49, 88)
(50, 88)
(51, 88)
(52, 88)
(53, 88)
(54, 88)
(55, 88)
(56, 88)
(57, 88)
(58, 88)
(59, 84)
(59, 85)
(59, 86)
(59, 87)
(59, 88)
(89, 15)
(89, 16)
(89, 14)
(89, 17)
(89, 13)
(89, 18)
(89, 12)
(89, 19)
(89, 11)
(89, 20)
(89, 10)
(89, 21)
(89, 9)
(89, 22)
(89, 8)
(89, 23)
(89, 7)
(89, 24)
(89, 6)
(89, 25)
(89, 5)
(89, 26)
(89, 4)
(89, 27)
(89, 3)
(89, 28)
(89, 2)
(89, 29)
(89, 1)
(89, 30)
(89, 0)
(89, 31)
(89, 32)
(89, 33)
(89, 34)
(89, 35)
(89, 36)
(89, 37)
(15, 89)
(14, 89)
(16, 89)
(13, 89)
(17, 89)
(12, 89)
(18, 89)
(11, 89)
(19, 89)
(10, 89)
(20, 89)
(9, 89)
(21, 89)
(8, 89)
(22, 89)
(7, 89)
(23, 89)
(6, 89)
(24, 89)
(5, 89)
(25, 89)
(4, 89)
(26, 89)
(3, 89)
(27, 89)
(2, 89)
(28, 89)
(1, 89)
(29, 89)
(0, 89)
(30, 89)
(31, 89)
(32, 89)
(33, 89)
(34, 89)
(35, 89)
(36, 89)
(37, 89)
(38, 89)
(39, 89)
(40, 89)
(41, 89)
(42, 89)
(43, 89)
(44, 89)
(45, 89)
(46, 89)
(47, 89)
(48, 89)
(49, 89)
(50, 89)
(51, 89)
(52, 89)
(53, 89)
(54, 89)
(55, 89)
(56, 89)
(57, 89)
(58, 89)
(59, 89)
(60, 84)
(60, 85)
(60, 86)
(60, 87)
(60, 88)
(60, 89)
(90, 15)
(90, 16)
(90, 14)
(90, 17)
(90, 13)
(90, 18)
(90, 12)
(90, 19)
(90, 11)
(90, 20)
(90, 10)
(90, 21)
(90, 9)
(90, 22)
(90, 8)
(90, 23)
(90, 7)
(90, 24)
(90, 6)
(90, 25)
(90, 5)
(90, 26)
(90, 4)
(90, 27)
(90, 3)
(90, 28)
(90, 2)
(90, 29)
(90, 1)
(90, 30)
(90, 0)
(90, 31)
(90, 32)
(90, 33)
(90, 34)
(90, 35)
(90, 36)
(90, 37)
(15, 90)
(14, 90)
(16, 90)
(13, 90)
(17, 90)
(12, 90)
(18, 90)
(11, 90)
(19, 90)
(10, 90)
(20, 90)
(9, 90)
(21, 90)
(8, 90)
(22, 90)
(7, 90)
(23, 90)
(6, 90)
(24, 90)
(5, 90)
(25, 90)
(4, 90)
(26, 90)
(3, 90)
(27, 90)
(2, 90)
(28, 90)
(1, 90)
(29, 90)
(0, 90)
(30, 90)
(31, 90)
(32, 90)
(33, 90)
(34, 90)
(35, 90)
(36, 90)
(37, 90)
(38, 90)
(39, 90)
(40, 90)
(41, 90)
(42, 90)
(43, 90)
(44, 90)
(45, 90)
(46, 90)
(47, 90)
(48, 90)
(49, 90)
(50, 90)
(51, 90)
(52, 90)
(53, 90)
(54, 90)
(55, 90)
(56, 90)
(57, 90)
(58, 90)
(59, 90)
(60, 90)
(61, 84)
(61, 85)
(61, 86)
(61, 87)
(61, 88)
(61, 89)
(61, 90)
(91, 15)
(91, 16)
(91, 14)
(91, 17)
(91, 13)
(91, 18)
(91, 12)
(91, 19)
(91, 11)
(91, 20)
(91, 10)
(91, 21)
(91, 9)
(91, 22)
(91, 8)
(91, 23)
(91, 7)
(91, 24)
(91, 6)
(91, 25)
(91, 5)
(91, 26)
(91, 4)
(91, 27)
(91, 3)
(91, 28)
(91, 2)
(91, 29)
(91, 1)
(91, 30)
(91, 0)
(91, 31)
(91, 32)
(91, 33)
(91, 34)
(91, 35)
(91, 36)
(91, 37)
(15, 91)
(14, 91)
(16, 91)
(13, 91)
(17, 91)
(12, 91)
(18, 91)
(11, 91)
(19, 91)
(10, 91)
(20, 91)
(9, 91)
(21, 91)
(8, 91)
(22, 91)
(7, 91)
(23, 91)
(6, 91)
(24, 91)
(5, 91)
(25, 91)
(4, 91)
(26, 91)
(3, 91)
(27, 91)
(2, 91)
(28, 91)
(1, 91)
(29, 91)
(0, 91)
(30, 91)
(31, 91)
(32, 91)
(33, 91)
(34, 91)
(35, 91)
(36, 91)
(37, 91)
(38, 91)
(39, 91)
(40, 91)
(41, 91)
(42, 91)
(43, 91)
(44, 91)
(45, 91)
(46, 91)
(47, 91)
(48, 91)
(49, 91)
(50, 91)
(51, 91)
(52, 91)
(53, 91)
(54, 91)
(55, 91)
(56, 91)
(57, 91)
(58, 91)
(59, 91)
(60, 91)
(61, 91)
(62, 84)
(62, 85)
(62, 86)
(62, 87)
(62, 88)
(62, 89)
(62, 90)
(62, 91)
(92, 15)
(92, 16)
(92, 14)
(92, 17)
(92, 13)
(92, 18)
(92, 12)
(92, 19)
(92, 11)
(92, 20)
(92, 10)
(92, 21)
(92, 9)
(92, 22)
(92, 8)
(92, 23)
(92, 7)
(92, 24)
(92, 6)
(92, 25)
(92, 5)
(92, 26)
(92, 4)
(92, 27)
(92, 3)
(92, 28)
(92, 2)
(92, 29)
(92, 1)
(92, 30)
(92, 0)
(92, 31)
(92, 32)
(92, 33)
(92, 34)
(92, 35)
(92, 36)
(92, 37)
(15, 92)
(14, 92)
(16, 92)
(13, 92)
(17, 92)
(12, 92)
(18, 92)
(11, 92)
(19, 92)
(10, 92)
(20, 92)
(9, 92)
(21, 92)
(8, 92)
(22, 92)
(7, 92)
(23, 92)
(6, 92)
(24, 92)
(5, 92)
(25, 92)
(4, 92)
(26, 92)
(3, 92)
(27, 92)
(2, 92)
(28, 92)
(1, 92)
(29, 92)
(0, 92)
(30, 92)
(31, 92)
(32, 92)
(33, 92)
(34, 92)
(35, 92)
(36, 92)
(37, 92)
(38, 92)
(39, 92)
(40, 92)
(41, 92)
(42, 92)
(43, 92)
(44, 92)
(45, 92)
(46, 92)
(47, 92)
(48, 92)
(49, 92)
(50, 92)
(51, 92)
(52, 92)
(53, 92)
(54, 92)
(55, 92)
(56, 92)
(57, 92)
(58, 92)
(59, 92)
(60, 92)
(61, 92)
(62, 92)
(63, 84)
(63, 85)
(63, 86)
(63, 87)
(63, 88)
(63, 89)
(63, 90)
(63, 91)
(63, 92)
(93, 15)
(93, 16)
(93, 14)
(93, 17)
(93, 13)
(93, 18)
(93, 12)
(93, 19)
(93, 11)
(93, 20)
(93, 10)
(93, 21)
(93, 9)
(93, 22)
(93, 8)
(93, 23)
(93, 7)
(93, 24)
(93, 6)
(93, 25)
(93, 5)
(93, 26)
(93, 4)
(93, 27)
(93, 3)
(93, 28)
(93, 2)
(93, 29)
(93, 1)
(93, 30)
(93, 0)
(93, 31)
(93, 32)
(93, 33)
(93, 34)
(93, 35)
(93, 36)
(93, 37)
(15, 93)
(14, 93)
(16, 93)
(13, 93)
(17, 93)
(12, 93)
(18, 93)
(11, 93)
(19, 93)
(10, 93)
(20, 93)
(9, 93)
(21, 93)
(8, 93)
(22, 93)
(7, 93)
(23, 93)
(6, 93)
(24, 93)
(5, 93)
(25, 93)
(4, 93)
(26, 93)
(3, 93)
(27, 93)
(2, 93)
(28, 93)
(1, 93)
(29, 93)
(0, 93)
(30, 93)
(31, 93)
(32, 93)
(33, 93)
(34, 93)
(35, 93)
(36, 93)
(37, 93)
(38, 93)
(39, 93)
(40, 93)
(41, 93)
(42, 93)
(43, 93)
(44, 93)
(45, 93)
(46, 93)
(47, 93)
(48, 93)
(49, 93)
(50, 93)
(51, 93)
(52, 93)
(53, 93)
(54, 93)
(55, 93)
(56, 93)
(57, 93)
(58, 93)
(59, 93)
(60, 93)
(61, 93)
(62, 93)
(63, 93)
(64, 84)
(64, 85)
(64, 86)
(64, 87)
(64, 88)
(64, 89)
(64, 90)
(64, 91)
(64, 92)
(64, 93)
(94, 15)
(94, 16)
(94, 14)
(94, 17)
(94, 13)
(94, 18)
(94, 12)
(94, 19)
(94, 11)
(94, 20)
(94, 10)
(94, 21)
(94, 9)
(94, 22)
(94, 8)
(94, 23)
(94, 7)
(94, 24)
(94, 6)
(94, 25)
(94, 5)
(94, 26)
(94, 4)
(94, 27)
(94, 3)
(94, 28)
(94, 2)
(94, 29)
(94, 1)
(94, 30)
(94, 0)
(94, 31)
(94, 32)
(94, 33)
(94, 34)
(94, 35)
(94, 36)
(94, 37)
(15, 94)
(14, 94)
(16, 94)
(13, 94)
(17, 94)
(12, 94)
(18, 94)
(11, 94)
(19, 94)
(10, 94)
(20, 94)
(9, 94)
(21, 94)
(8, 94)
(22, 94)
(7, 94)
(23, 94)
(6, 94)
(24, 94)
(5, 94)
(25, 94)
(4, 94)
(26, 94)
(3, 94)
(27, 94)
(2, 94)
(28, 94)
(1, 94)
(29, 94)
(0, 94)
(30, 94)
(31, 94)
(32, 94)
(33, 94)
(34, 94)
(35, 94)
(36, 94)
(37, 94)
(38, 94)
(39, 94)
(40, 94)
(41, 94)
(42, 94)
(43, 94)
(44, 94)
(45, 94)
(46, 94)
(47, 94)
(48, 94)
(49, 94)
(50, 94)
(51, 94)
(52, 94)
(53, 94)
(54, 94)
(55, 94)
(56, 94)
(57, 94)
(58, 94)
(59, 94)
(60, 94)
(61, 94)
(62, 94)
(63, 94)
(64, 94)
(65, 84)
(65, 85)
(65, 86)
(65, 87)
(65, 88)
(65, 89)
(65, 90)
(65, 91)
(65, 92)
(65, 93)
(65, 94)
(95, 15)
(95, 16)
(95, 14)
(95, 17)
(95, 13)
(95, 18)
(95, 12)
(95, 19)
(95, 11)
(95, 20)
(95, 10)
(95, 21)
(95, 9)
(95, 22)
(95, 8)
(95, 23)
(95, 7)
(95, 24)
(95, 6)
(95, 25)
(95, 5)
(95, 26)
(95, 4)
(95, 27)
(95, 3)
(95, 28)
(95, 2)
(95, 29)
(95, 1)
(95, 30)
(95, 0)
(95, 31)
(95, 32)
(95, 33)
(95, 34)
(95, 35)
(95, 36)
(95, 37)
(15, 95)
(14, 95)
(16, 95)
(13, 95)
(17, 95)
(12, 95)
(18, 95)
(11, 95)
(19, 95)
(10, 95)
(20, 95)
(9, 95)
(21, 95)
(8, 95)
(22, 95)
(7, 95)
(23, 95)
(6, 95)
(24, 95)
(5, 95)
(25, 95)
(4, 95)
(26, 95)
(3, 95)
(27, 95)
(2, 95)
(28, 95)
(1, 95)
(29, 95)
(0, 95)
(30, 95)
(31, 95)
(32, 95)
(33, 95)
(34, 95)
(35, 95)
(36, 95)
(37, 95)
(38, 95)
(39, 95)
(40, 95)
(41, 95)
(42, 95)
(43, 95)
(44, 95)
(45, 95)
(46, 95)
(47, 95)
(48, 95)
(49, 95)
(50, 95)
(51, 95)
(52, 95)
(53, 95)
(54, 95)
(55, 95)
(56, 95)
(57, 95)
(58, 95)
(59, 95)
(60, 95)
(61, 95)
(62, 95)
(63, 95)
(64, 95)
(65, 95)
(66, 84)
(66, 85)
(66, 86)
(66, 87)
(66, 88)
(66, 89)
(66, 90)
(66, 91)
(66, 92)
(66, 93)
(66, 94)
(66, 95)
(96, 15)
(96, 16)
(96, 14)
(96, 17)
(96, 13)
(96, 18)
(96, 12)
(96, 19)
(96, 11)
(96, 20)
(96, 10)
(96, 21)
(96, 9)
(96, 22)
(96, 8)
(96, 23)
(96, 7)
(96, 24)
(96, 6)
(96, 25)
(96, 5)
(96, 26)
(96, 4)
(96, 27)
(96, 3)
(96, 28)
(96, 2)
(96, 29)
(96, 1)
(96, 30)
(96, 0)
(96, 31)
(96, 32)
(96, 33)
(96, 34)
(96, 35)
(96, 36)
(96, 37)
(15, 96)
(14, 96)
(16, 96)
(13, 96)
(17, 96)
(12, 96)
(18, 96)
(11, 96)
(19, 96)
(10, 96)
(20, 96)
(9, 96)
(21, 96)
(8, 96)
(22, 96)
(7, 96)
(23, 96)
(6, 96)
(24, 96)
(5, 96)
(25, 96)
(4, 96)
(26, 96)
(3, 96)
(27, 96)
(2, 96)
(28, 96)
(1, 96)
(29, 96)
(0, 96)
(30, 96)
(31, 96)
(32, 96)
(33, 96)
(34, 96)
(35, 96)
(36, 96)
(37, 96)
(38, 96)
(39, 96)
(40, 96)
(41, 96)
(42, 96)
(43, 96)
(44, 96)
(45, 96)
(46, 96)
(47, 96)
(48, 96)
(49, 96)
(50, 96)
(51, 96)
(52, 96)
(53, 96)
(54, 96)
(55, 96)
(56, 96)
(57, 96)
(58, 96)
(59, 96)
(60, 96)
(61, 96)
(62, 96)
(63, 96)
(64, 96)
(65, 96)
(66, 96)
(67, 84)
(67, 85)
(67, 86)
(67, 87)
(67, 88)
(67, 89)
(67, 90)
(67, 91)
(67, 92)
(67, 93)
(67, 94)
(67, 95)
(67, 96)
(97, 15)
(97, 16)
(97, 14)
(97, 17)
(97, 13)
(97, 18)
(97, 12)
(97, 19)
(97, 11)
(97, 20)
(97, 10)
(97, 21)
(97, 9)
(97, 22)
(97, 8)
(97, 23)
(97, 7)
(97, 24)
(97, 6)
(97, 25)
(97, 5)
(97, 26)
(97, 4)
(97, 27)
(97, 3)
(97, 28)
(97, 2)
(97, 29)
(97, 1)
(97, 30)
(97, 0)
(97, 31)
(97, 32)
(97, 33)
(97, 34)
(97, 35)
(97, 36)
(97, 37)
(15, 97)
(14, 97)
(16, 97)
(13, 97)
(17, 97)
(12, 97)
(18, 97)
(11, 97)
(19, 97)
(10, 97)
(20, 97)
(9, 97)
(21, 97)
(8, 97)
(22, 97)
(7, 97)
(23, 97)
(6, 97)
(24, 97)
(5, 97)
(25, 97)
(4, 97)
(26, 97)
(3, 97)
(27, 97)
(2, 97)
(28, 97)
(1, 97)
(29, 97)
(0, 97)
(30, 97)
(31, 97)
(32, 97)
(33, 97)
(34, 97)
(35, 97)
(36, 97)
(37, 97)
(38, 97)
(39, 97)
(40, 97)
(41, 97)
(42, 97)
(43, 97)
(44, 97)
(45, 97)
(46, 97)
(47, 97)
(48, 97)
(49, 97)
(50, 97)
(51, 97)
(52, 97)
(53, 97)
(54, 97)
(55, 97)
(56, 97)
(57, 97)
(58, 97)
(59, 97)
(60, 97)
(61, 97)
(62, 97)
(63, 97)
(64, 97)
(65, 97)
(66, 97)
(67, 97)
(68, 84)
(68, 85)
(68, 86)
(68, 87)
(68, 88)
(68, 89)
(68, 90)
(68, 91)
(68, 92)
(68, 93)
(68, 94)
(68, 95)
(68, 96)
(68, 97)
(98, 15)
(98, 16)
(98, 14)
(98, 17)
(98, 13)
(98, 18)
(98, 12)
(98, 19)
(98, 11)
(98, 20)
(98, 10)
(98, 21)
(98, 9)
(98, 22)
(98, 8)
(98, 23)
(98, 7)
(98, 24)
(98, 6)
(98, 25)
(98, 5)
(98, 26)
(98, 4)
(98, 27)
(98, 3)
(98, 28)
(98, 2)
(98, 29)
(98, 1)
(98, 30)
(98, 0)
(98, 31)
(98, 32)
(98, 33)
(98, 34)
(98, 35)
(98, 36)
(98, 37)
(15, 98)
(14, 98)
(16, 98)
(13, 98)
(17, 98)
(12, 98)
(18, 98)
(11, 98)
(19, 98)
(10, 98)
(20, 98)
(9, 98)
(21, 98)
(8, 98)
(22, 98)
(7, 98)
(23, 98)
(6, 98)
(24, 98)
(5, 98)
(25, 98)
(4, 98)
(26, 98)
(3, 98)
(27, 98)
(2, 98)
(28, 98)
(1, 98)
(29, 98)
(0, 98)
(30, 98)
(31, 98)
(32, 98)
(33, 98)
(34, 98)
(35, 98)
(36, 98)
(37, 98)
(38, 98)
(39, 98)
(40, 98)
(41, 98)
(42, 98)
(43, 98)
(44, 98)
(45, 98)
(46, 98)
(47, 98)
(48, 98)
(49, 98)
(50, 98)
(51, 98)
(52, 98)
(53, 98)
(54, 98)
(55, 98)
(56, 98)
(57, 98)
(58, 98)
(59, 98)
(60, 98)
(61, 98)
(62, 98)
(63, 98)
(64, 98)
(65, 98)
(66, 98)
(67, 98)
(68, 98)
(69, 84)
(69, 85)
(69, 86)
(69, 87)
(69, 88)
(69, 89)
(69, 90)
(69, 91)
(69, 92)
(69, 93)
(69, 94)
(69, 95)
(69, 96)
(69, 97)
(69, 98)
(99, 15)
(99, 16)
(99, 14)
(99, 17)
(99, 13)
(99, 18)
(99, 12)
(99, 19)
(99, 11)
(99, 20)
(99, 10)
(99, 21)
(99, 9)
(99, 22)
(99, 8)
(99, 23)
(99, 7)
(99, 24)
(99, 6)
(99, 25)
(99, 5)
(99, 26)
(99, 4)
(99, 27)
(99, 3)
(99, 28)
(99, 2)
(99, 29)
(99, 1)
(99, 30)
(99, 0)
(99, 31)
(99, 32)
(99, 33)
(99, 34)
(99, 35)
(99, 36)
(99, 37)
(15, 99)
(14, 99)
(16, 99)
(13, 99)
(17, 99)
(12, 99)
(18, 99)
(11, 99)
(19, 99)
(10, 99)
(20, 99)
(9, 99)
(21, 99)
(8, 99)
(22, 99)
(7, 99)
(23, 99)
(6, 99)
(24, 99)
(5, 99)
(25, 99)
(4, 99)
(26, 99)
(3, 99)
(27, 99)
(2, 99)
(28, 99)
(1, 99)
(29, 99)
(0, 99)
(30, 99)
(31, 99)
(32, 99)
(33, 99)
(34, 99)
(35, 99)
(36, 99)
(37, 99)
(38, 99)
(39, 99)
(40, 99)
(41, 99)
(42, 99)
(43, 99)
(44, 99)
(45, 99)
(46, 99)
(47, 99)
(48, 99)
(49, 99)
(50, 99)
(51, 99)
(52, 99)
(53, 99)
(54, 99)
(55, 99)
(56, 99)
(57, 99)
(58, 99)
(59, 99)
(60, 99)
(61, 99)
(62, 99)
(63, 99)
(64, 99)
(65, 99)
(66, 99)
(67, 99)
(68, 99)
(69, 99)
(70, 84)
(70, 85)
(70, 86)
(70, 87)
(70, 88)
(70, 89)
(70, 90)
(70, 91)
(70, 92)
(70, 93)
(70, 94)
(70, 95)
(70, 96)
(70, 97)
(70, 98)
(70, 99)
(100, 15)
(100, 16)
(100, 14)
(100, 17)
(100, 13)
(100, 18)
(100, 12)
(100, 19)
(100, 11)
(100, 20)
(100, 10)
(100, 21)
(100, 9)
(100, 22)
(100, 8)
(100, 23)
(100, 7)
(100, 24)
(100, 6)
(100, 25)
(100, 5)
(100, 26)
(100, 4)
(100, 27)
(100, 3)
(100, 28)
(100, 2)
(100, 29)
(100, 1)
(100, 30)
(100, 0)
(100, 31)
(100, 32)
(100, 33)
(100, 34)
(100, 35)
(100, 36)
(100, 37)
(15, 100)
(14, 100)
(16, 100)
(13, 100)
(17, 100)
(12, 100)
(18, 100)
(11, 100)
(19, 100)
(10, 100)
(20, 100)
(9, 100)
(21, 100)
(8, 100)
(22, 100)
(7, 100)
(23, 100)
(6, 100)
(24, 100)
(5, 100)
(25, 100)
(4, 100)
(26, 100)
(3, 100)
(27, 100)
(2, 100)
(28, 100)
(1, 100)
(29, 100)
(0, 100)
(30, 100)
(31, 100)
(32, 100)
(33, 100)
(34, 100)
(35, 100)
(36, 100)
(37, 100)
(38, 100)
(39, 100)
(40, 100)
(41, 100)
(42, 100)
(43, 100)
(44, 100)
(45, 100)
(46, 100)
(47, 100)
(48, 100)
(49, 100)
(50, 100)
(51, 100)
(52, 100)
(53, 100)
(54, 100)
(55, 100)
(56, 100)
(57, 100)
(58, 100)
(59, 100)
(60, 100)
(61, 100)
(62, 100)
(63, 100)
(64, 100)
(65, 100)
(66, 100)
(67, 100)
(68, 100)
(69, 100)
(70, 100)
(71, 84)
(71, 85)
(71, 86)
(71, 87)
(71, 88)
(71, 89)
(71, 90)
(71, 91)
(71, 92)
(71, 93)
(71, 94)
(71, 95)
(71, 96)
(71, 97)
(71, 98)
(71, 99)
(71, 100)
(101, 15)
(101, 16)
(101, 14)
(101, 17)
(101, 13)
(101, 18)
(101, 12)
(101, 19)
(101, 11)
(101, 20)
(101, 10)
(101, 21)
(101, 9)
(101, 22)
(101, 8)
(101, 23)
(101, 7)
(101, 24)
(101, 6)
(101, 25)
(101, 5)
(101, 26)
(101, 4)
(101, 27)
(101, 3)
(101, 28)
(101, 2)
(101, 29)
(101, 1)
(101, 30)
(101, 0)
(101, 31)
(101, 32)
(101, 33)
(101, 34)
(101, 35)
(101, 36)
(101, 37)
(15, 101)
(14, 101)
(16, 101)
(13, 101)
(17, 101)
(12, 101)
(18, 101)
(11, 101)
(19, 101)
(10, 101)
(20, 101)
(9, 101)
(21, 101)
(8, 101)
(22, 101)
(7, 101)
(23, 101)
(6, 101)
(24, 101)
(5, 101)
(25, 101)
(4, 101)
(26, 101)
(3, 101)
(27, 101)
(2, 101)
(28, 101)
(1, 101)
(29, 101)
(0, 101)
(30, 101)
(31, 101)
(32, 101)
(33, 101)
(34, 101)
(35, 101)
(36, 101)
(37, 101)
(38, 101)
(39, 101)
(40, 101)
(41, 101)
(42, 101)
(43, 101)
(44, 101)
(45, 101)
(46, 101)
(47, 101)
(48, 101)
(49, 101)
(50, 101)
(51, 101)
(52, 101)
(53, 101)
(54, 101)
(55, 101)
(56, 101)
(57, 101)
(58, 101)
(59, 101)
(60, 101)
(61, 101)
(62, 101)
(63, 101)
(64, 101)
(65, 101)
(66, 101)
(67, 101)
(68, 101)
(69, 101)
(70, 101)
(71, 101)
(72, 84)
(72, 85)
(72, 86)
(72, 87)
(72, 88)
(72, 89)
(72, 90)
(72, 91)
(72, 92)
(72, 93)
(72, 94)
(72, 95)
(72, 96)
(72, 97)
(72, 98)
(72, 99)
(72, 100)
(72, 101)
(102, 15)
(102, 16)
(102, 14)
(102, 17)
(102, 13)
(102, 18)
(102, 12)
(102, 19)
(102, 11)
(102, 20)
(102, 10)
(102, 21)
(102, 9)
(102, 22)
(102, 8)
(102, 23)
(102, 7)
(102, 24)
(102, 6)
(102, 25)
(102, 5)
(102, 26)
(102, 4)
(102, 27)
(102, 3)
(102, 28)
(102, 2)
(102, 29)
(102, 1)
(102, 30)
(102, 0)
(102, 31)
(102, 32)
(102, 33)
(102, 34)
(102, 35)
(102, 36)
(102, 37)
(15, 102)
(14, 102)
(16, 102)
(13, 102)
(17, 102)
(12, 102)
(18, 102)
(11, 102)
(19, 102)
(10, 102)
(20, 102)
(9, 102)
(21, 102)
(8, 102)
(22, 102)
(7, 102)
(23, 102)
(6, 102)
(24, 102)
(5, 102)
(25, 102)
(4, 102)
(26, 102)
(3, 102)
(27, 102)
(2, 102)
(28, 102)
(1, 102)
(29, 102)
(0, 102)
(30, 102)
(31, 102)
(32, 102)
(33, 102)
(34, 102)
(35, 102)
(36, 102)
(37, 102)
(38, 102)
(39, 102)
(40, 102)
(41, 102)
(42, 102)
(43, 102)
(44, 102)
(45, 102)
(46, 102)
(47, 102)
(48, 102)
(49, 102)
(50, 102)
(51, 102)
(52, 102)
(53, 102)
(54, 102)
(55, 102)
(56, 102)
(57, 102)
(58, 102)
(59, 102)
(60, 102)
(61, 102)
(62, 102)
(63, 102)
(64, 102)
(65, 102)
(66, 102)
(67, 102)
(68, 102)
(69, 102)
(70, 102)
(71, 102)
(72, 102)
(73, 84)
(73, 85)
(73, 86)
(73, 87)
(73, 88)
(73, 89)
(73, 90)
(73, 91)
(73, 92)
(73, 93)
(73, 94)
(73, 95)
(73, 96)
(73, 97)
(73, 98)
(73, 99)
(73, 100)
(73, 101)
(73, 102)
(103, 15)
(103, 16)
(103, 14)
(103, 17)
(103, 13)
(103, 18)
(103, 12)
(103, 19)
(103, 11)
(103, 20)
(103, 10)
(103, 21)
(103, 9)
(103, 22)
(103, 8)
(103, 23)
(103, 7)
(103, 24)
(103, 6)
(103, 25)
(103, 5)
(103, 26)
(103, 4)
(103, 27)
(103, 3)
(103, 28)
(103, 2)
(103, 29)
(103, 1)
(103, 30)
(103, 0)
(103, 31)
(103, 32)
(103, 33)
(103, 34)
(103, 35)
(103, 36)
(103, 37)
(15, 103)
(14, 103)
(16, 103)
(13, 103)
(17, 103)
(12, 103)
(18, 103)
(11, 103)
(19, 103)
(10, 103)
(20, 103)
(9, 103)
(21, 103)
(8, 103)
(22, 103)
(7, 103)
(23, 103)
(6, 103)
(24, 103)
(5, 103)
(25, 103)
(4, 103)
(26, 103)
(3, 103)
(27, 103)
(2, 103)
(28, 103)
(1, 103)
(29, 103)
(0, 103)
(30, 103)
(31, 103)
(32, 103)
(33, 103)
(34, 103)
(35, 103)
(36, 103)
(37, 103)
(38, 103)
(39, 103)
(40, 103)
(41, 103)
(42, 103)
(43, 103)
(44, 103)
(45, 103)
(46, 103)
(47, 103)
(48, 103)
(49, 103)
(50, 103)
(51, 103)
(52, 103)
(53, 103)
(54, 103)
(55, 103)
(56, 103)
(57, 103)
(58, 103)
(59, 103)
(60, 103)
(61, 103)
(62, 103)
(63, 103)
(64, 103)
(65, 103)
(66, 103)
(67, 103)
(68, 103)
(69, 103)
(70, 103)
(71, 103)
(72, 103)
(73, 103)
(74, 84)
(74, 85)
(74, 86)
(74, 87)
(74, 88)
(74, 89)
(74, 90)
(74, 91)
(74, 92)
(74, 93)
(74, 94)
(74, 95)
(74, 96)
(74, 97)
(74, 98)
(74, 99)
(74, 100)
(74, 101)
(74, 102)
(74, 103)
(104, 15)
(104, 16)
(104, 14)
(104, 17)
(104, 13)
(104, 18)
(104, 12)
(104, 19)
(104, 11)
(104, 20)
(104, 10)
(104, 21)
(104, 9)
(104, 22)
(104, 8)
(104, 23)
(104, 7)
(104, 24)
(104, 6)
(104, 25)
(104, 5)
(104, 26)
(104, 4)
(104, 27)
(104, 3)
(104, 28)
(104, 2)
(104, 29)
(104, 1)
(104, 30)
(104, 0)
(104, 31)
(104, 32)
(104, 33)
(104, 34)
(104, 35)
(104, 36)
(104, 37)
(15, 104)
(14, 104)
(16, 104)
(13, 104)
(17, 104)
(12, 104)
(18, 104)
(11, 104)
(19, 104)
(10, 104)
(20, 104)
(9, 104)
(21, 104)
(8, 104)
(22, 104)
(7, 104)
(23, 104)
(6, 104)
(24, 104)
(5, 104)
(25, 104)
(4, 104)
(26, 104)
(3, 104)
(27, 104)
(2, 104)
(28, 104)
(1, 104)
(29, 104)
(0, 104)
(30, 104)
(31, 104)
(32, 104)
(33, 104)
(34, 104)
(35, 104)
(36, 104)
(37, 104)
(38, 104)
(39, 104)
(40, 104)
(41, 104)
(42, 104)
(43, 104)
(44, 104)
(45, 104)
(46, 104)
(47, 104)
(48, 104)
(49, 104)
(50, 104)
(51, 104)
(52, 104)
(53, 104)
(54, 104)
(55, 104)
(56, 104)
(57, 104)
(58, 104)
(59, 104)
(60, 104)
(61, 104)
(62, 104)
(63, 104)
(64, 104)
(65, 104)
(66, 104)
(67, 104)
(68, 104)
(69, 104)
(70, 104)
(71, 104)
(72, 104)
(73, 104)
(74, 104)
(75, 84)
(75, 85)
(75, 86)
(75, 87)
(75, 88)
(75, 89)
(75, 90)
(75, 91)
(75, 92)
(75, 93)
(75, 94)
(75, 95)
(75, 96)
(75, 97)
(75, 98)
(75, 99)
(75, 100)
(75, 101)
(75, 102)
(75, 103)
(75, 104)
(105, 15)
(105, 16)
(105, 14)
(105, 17)
(105, 13)
(105, 18)
(105, 12)
(105, 19)
(105, 11)
(105, 20)
(105, 10)
(105, 21)
(105, 9)
(105, 22)
(105, 8)
(105, 23)
(105, 7)
(105, 24)
(105, 6)
(105, 25)
(105, 5)
(105, 26)
(105, 4)
(105, 27)
(105, 3)
(105, 28)
(105, 2)
(105, 29)
(105, 1)
(105, 30)
(105, 0)
(105, 31)
(105, 32)
(105, 33)
(105, 34)
(105, 35)
(105, 36)
(105, 37)
(105, 38)
(15, 105)
(14, 105)
(16, 105)
(13, 105)
(17, 105)
(12, 105)
(18, 105)
(11, 105)
(19, 105)
(10, 105)
(20, 105)
(9, 105)
(21, 105)
(8, 105)
(22, 105)
(7, 105)
(23, 105)
(6, 105)
(24, 105)
(5, 105)
(25, 105)
(4, 105)
(26, 105)
(3, 105)
(27, 105)
(2, 105)
(28, 105)
(1, 105)
(29, 105)
(0, 105)
(30, 105)
(31, 105)
(32, 105)
(33, 105)
(34, 105)
(35, 105)
(36, 105)
(37, 105)
(38, 105)
(39, 105)
(40, 105)
(41, 105)
(42, 105)
(43, 105)
(44, 105)
(45, 105)
(46, 105)
(47, 105)
(48, 105)
(49, 105)
(50, 105)
(51, 105)
(52, 105)
(53, 105)
(54, 105)
(55, 105)
(56, 105)
(57, 105)
(58, 105)
(59, 105)
(60, 105)
(61, 105)
(62, 105)
(63, 105)
(64, 105)
(65, 105)
(66, 105)
(67, 105)
(68, 105)
(69, 105)
(70, 105)
(71, 105)
(72, 105)
(73, 105)
(74, 105)
(75, 105)
(76, 84)
(76, 85)
(76, 86)
(76, 87)
(76, 88)
(76, 89)
(76, 90)
(76, 91)
(76, 92)
(76, 93)
(76, 94)
(76, 95)
(76, 96)
(76, 97)
(76, 98)
(76, 99)
(76, 100)
(76, 101)
(76, 102)
(76, 103)
(76, 104)
(76, 105)
(106, 15)
(106, 16)
(106, 14)
(106, 17)
(106, 13)
(106, 18)
(106, 12)
(106, 19)
(106, 11)
(106, 20)
(106, 10)
(106, 21)
(106, 9)
(106, 22)
(106, 8)
(106, 23)
(106, 7)
(106, 24)
(106, 6)
(106, 25)
(106, 5)
(106, 26)
(106, 4)
(106, 27)
(106, 3)
(106, 28)
(106, 2)
(106, 29)
(106, 1)
(106, 30)
(106, 0)
(106, 31)
(106, 32)
(106, 33)
(106, 34)
(106, 35)
(106, 36)
(106, 37)
(106, 38)
(105, 39)
(106, 39)
(15, 106)
(14, 106)
(16, 106)
(13, 106)
(17, 106)
(12, 106)
(18, 106)
(11, 106)
(19, 106)
(10, 106)
(20, 106)
(9, 106)
(21, 106)
(8, 106)
(22, 106)
(7, 106)
(23, 106)
(6, 106)
(24, 106)
(5, 106)
(25, 106)
(4, 106)
(26, 106)
(3, 106)
(27, 106)
(2, 106)
(28, 106)
(1, 106)
(29, 106)
(0, 106)
(30, 106)
(31, 106)
(32, 106)
(33, 106)
(34, 106)
(35, 106)
(36, 106)
(37, 106)
(38, 106)
(39, 106)
(40, 106)
(41, 106)
(42, 106)
(43, 106)
(44, 106)
(45, 106)
(46, 106)
(47, 106)
(48, 106)
(49, 106)
(50, 106)
(51, 106)
(52, 106)
(53, 106)
(54, 106)
(55, 106)
(56, 106)
(57, 106)
(58, 106)
(59, 106)
(60, 106)
(61, 106)
(62, 106)
(63, 106)
(64, 106)
(65, 106)
(66, 106)
(67, 106)
(68, 106)
(69, 106)
(70, 106)
(71, 106)
(72, 106)
(73, 106)
(74, 106)
(75, 106)
(76, 106)
(77, 84)
(77, 85)
(77, 86)
(77, 87)
(77, 88)
(77, 89)
(77, 90)
(77, 91)
(77, 92)
(77, 93)
(77, 94)
(77, 95)
(77, 96)
(77, 97)
(77, 98)
(77, 99)
(77, 100)
(77, 101)
(77, 102)
(77, 103)
(77, 104)
(77, 105)
(77, 106)
(107, 15)
(107, 16)
(107, 14)
(107, 17)
(107, 13)
(107, 18)
(107, 12)
(107, 19)
(107, 11)
(107, 20)
(107, 10)
(107, 21)
(107, 9)
(107, 22)
(107, 8)
(107, 23)
(107, 7)
(107, 24)
(107, 6)
(107, 25)
(107, 5)
(107, 26)
(107, 4)
(107, 27)
(107, 3)
(107, 28)
(107, 2)
(107, 29)
(107, 1)
(107, 30)
(107, 0)
(107, 31)
(107, 32)
(107, 33)
(107, 34)
(107, 35)
(107, 36)
(107, 37)
(107, 38)
(107, 39)
(105, 40)
(106, 40)
(107, 40)
(15, 107)
(14, 107)
(16, 107)
(13, 107)
(17, 107)
(12, 107)
(18, 107)
(11, 107)
(19, 107)
(10, 107)
(20, 107)
(9, 107)
(21, 107)
(8, 107)
(22, 107)
(7, 107)
(23, 107)
(6, 107)
(24, 107)
(5, 107)
(25, 107)
(4, 107)
(26, 107)
(3, 107)
(27, 107)
(2, 107)
(28, 107)
(1, 107)
(29, 107)
(0, 107)
(30, 107)
(31, 107)
(32, 107)
(33, 107)
(34, 107)
(35, 107)
(36, 107)
(37, 107)
(38, 107)
(39, 107)
(40, 107)
(41, 107)
(42, 107)
(43, 107)
(44, 107)
(45, 107)
(46, 107)
(47, 107)
(48, 107)
(49, 107)
(50, 107)
(51, 107)
(52, 107)
(53, 107)
(54, 107)
(55, 107)
(56, 107)
(57, 107)
(58, 107)
(59, 107)
(60, 107)
(61, 107)
(62, 107)
(63, 107)
(64, 107)
(65, 107)
(66, 107)
(67, 107)
(68, 107)
(69, 107)
(70, 107)
(71, 107)
(72, 107)
(73, 107)
(74, 107)
(75, 107)
(76, 107)
(77, 107)
(78, 84)
(78, 85)
(78, 86)
(78, 87)
(78, 88)
(78, 89)
(78, 90)
(78, 91)
(78, 92)
(78, 93)
(78, 94)
(78, 95)
(78, 96)
(78, 97)
(78, 98)
(78, 99)
(78, 100)
(78, 101)
(78, 102)
(78, 103)
(78, 104)
(78, 105)
(78, 106)
(78, 107)
(108, 15)
(108, 16)
(108, 14)
(108, 17)
(108, 13)
(108, 18)
(108, 12)
(108, 19)
(108, 11)
(108, 20)
(108, 10)
(108, 21)
(108, 9)
(108, 22)
(108, 8)
(108, 23)
(108, 7)
(108, 24)
(108, 6)
(108, 25)
(108, 5)
(108, 26)
(108, 4)
(108, 27)
(108, 3)
(108, 28)
(108, 2)
(108, 29)
(108, 1)
(108, 30)
(108, 0)
(108, 31)
(108, 32)
(108, 33)
(108, 34)
(108, 35)
(108, 36)
(108, 37)
(108, 38)
(108, 39)
(108, 40)
(105, 41)
(106, 41)
(107, 41)
(108, 41)
(15, 108)
(14, 108)
(16, 108)
(13, 108)
(17, 108)
(12, 108)
(18, 108)
(11, 108)
(19, 108)
(10, 108)
(20, 108)
(9, 108)
(21, 108)
(8, 108)
(22, 108)
(7, 108)
(23, 108)
(6, 108)
(24, 108)
(5, 108)
(25, 108)
(4, 108)
(26, 108)
(3, 108)
(27, 108)
(2, 108)
(28, 108)
(1, 108)
(29, 108)
(0, 108)
(30, 108)
(31, 108)
(32, 108)
(33, 108)
(34, 108)
(35, 108)
(36, 108)
(37, 108)
(38, 108)
(39, 108)
(40, 108)
(41, 108)
(42, 108)
(43, 108)
(44, 108)
(45, 108)
(46, 108)
(47, 108)
(48, 108)
(49, 108)
(50, 108)
(51, 108)
(52, 108)
(53, 108)
(54, 108)
(55, 108)
(56, 108)
(57, 108)
(58, 108)
(59, 108)
(60, 108)
(61, 108)
(62, 108)
(63, 108)
(64, 108)
(65, 108)
(66, 108)
(67, 108)
(68, 108)
(69, 108)
(70, 108)
(71, 108)
(72, 108)
(73, 108)
(74, 108)
(75, 108)
(76, 108)
(77, 108)
(78, 108)
(79, 84)
(79, 85)
(79, 86)
(79, 87)
(79, 88)
(79, 89)
(79, 90)
(79, 91)
(79, 92)
(79, 93)
(79, 94)
(79, 95)
(79, 96)
(79, 97)
(79, 98)
(79, 99)
(79, 100)
(79, 101)
(79, 102)
(79, 103)
(79, 104)
(79, 105)
(79, 106)
(79, 107)
(79, 108)
(109, 15)
(109, 16)
(109, 14)
(109, 17)
(109, 13)
(109, 18)
(109, 12)
(109, 19)
(109, 11)
(109, 20)
(109, 10)
(109, 21)
(109, 9)
(109, 22)
(109, 8)
(109, 23)
(109, 7)
(109, 24)
(109, 6)
(109, 25)
(109, 5)
(109, 26)
(109, 4)
(109, 27)
(109, 3)
(109, 28)
(109, 2)
(109, 29)
(109, 1)
(109, 30)
(109, 0)
(109, 31)
(109, 32)
(109, 33)
(109, 34)
(109, 35)
(109, 36)
(109, 37)
(109, 38)
(109, 39)
(109, 40)
(109, 41)
(105, 42)
(106, 42)
(107, 42)
(108, 42)
(109, 42)
(15, 109)
(14, 109)
(16, 109)
(13, 109)
(17, 109)
(12, 109)
(18, 109)
(11, 109)
(19, 109)
(10, 109)
(20, 109)
(9, 109)
(21, 109)
(8, 109)
(22, 109)
(7, 109)
(23, 109)
(6, 109)
(24, 109)
(5, 109)
(25, 109)
(4, 109)
(26, 109)
(3, 109)
(27, 109)
(2, 109)
(28, 109)
(1, 109)
(29, 109)
(0, 109)
(30, 109)
(31, 109)
(32, 109)
(33, 109)
(34, 109)
(35, 109)
(36, 109)
(37, 109)
(38, 109)
(39, 109)
(40, 109)
(41, 109)
(42, 109)
(43, 109)
(44, 109)
(45, 109)
(46, 109)
(47, 109)
(48, 109)
(49, 109)
(50, 109)
(51, 109)
(52, 109)
(53, 109)
(54, 109)
(55, 109)
(56, 109)
(57, 109)
(58, 109)
(59, 109)
(60, 109)
(61, 109)
(62, 109)
(63, 109)
(64, 109)
(65, 109)
(66, 109)
(67, 109)
(68, 109)
(69, 109)
(70, 109)
(71, 109)
(72, 109)
(73, 109)
(74, 109)
(75, 109)
(76, 109)
(77, 109)
(78, 109)
(79, 109)
(80, 84)
(80, 85)
(80, 86)
(80, 87)
(80, 88)
(80, 89)
(80, 90)
(80, 91)
(80, 92)
(80, 93)
(80, 94)
(80, 95)
(80, 96)
(80, 97)
(80, 98)
(80, 99)
(80, 100)
(80, 101)
(80, 102)
(80, 103)
(80, 104)
(80, 105)
(80, 106)
(80, 107)
(80, 108)
(80, 109)
(110, 15)
(110, 16)
(110, 14)
(110, 17)
(110, 13)
(110, 18)
(110, 12)
(110, 19)
(110, 11)
(110, 20)
(110, 10)
(110, 21)
(110, 9)
(110, 22)
(110, 8)
(110, 23)
(110, 7)
(110, 24)
(110, 6)
(110, 25)
(110, 5)
(110, 26)
(110, 4)
(110, 27)
(110, 3)
(110, 28)
(110, 2)
(110, 29)
(110, 1)
(110, 30)
(110, 0)
(110, 31)
(110, 32)
(110, 33)
(110, 34)
(110, 35)
(110, 36)
(110, 37)
(110, 38)
(110, 39)
(110, 40)
(110, 41)
(110, 42)
(105, 43)
(106, 43)
(107, 43)
(108, 43)
(109, 43)
(110, 43)
(15, 110)
(14, 110)
(16, 110)
(13, 110)
(17, 110)
(12, 110)
(18, 110)
(11, 110)
(19, 110)
(10, 110)
(20, 110)
(9, 110)
(21, 110)
(8, 110)
(22, 110)
(7, 110)
(23, 110)
(6, 110)
(24, 110)
(5, 110)
(25, 110)
(4, 110)
(26, 110)
(3, 110)
(27, 110)
(2, 110)
(28, 110)
(1, 110)
(29, 110)
(0, 110)
(30, 110)
(31, 110)
(32, 110)
(33, 110)
(34, 110)
(35, 110)
(36, 110)
(37, 110)
(38, 110)
(39, 110)
(40, 110)
(41, 110)
(42, 110)
(43, 110)
(44, 110)
(45, 110)
(46, 110)
(47, 110)
(48, 110)
(49, 110)
(50, 110)
(51, 110)
(52, 110)
(53, 110)
(54, 110)
(55, 110)
(56, 110)
(57, 110)
(58, 110)
(59, 110)
(60, 110)
(61, 110)
(62, 110)
(63, 110)
(64, 110)
(65, 110)
(66, 110)
(67, 110)
(68, 110)
(69, 110)
(70, 110)
(71, 110)
(72, 110)
(73, 110)
(74, 110)
(75, 110)
(76, 110)
(77, 110)
(78, 110)
(79, 110)
(80, 110)
(81, 84)
(81, 85)
(81, 86)
(81, 87)
(81, 88)
(81, 89)
(81, 90)
(81, 91)
(81, 92)
(81, 93)
(81, 94)
(81, 95)
(81, 96)
(81, 97)
(81, 98)
(81, 99)
(81, 100)
(81, 101)
(81, 102)
(81, 103)
(81, 104)
(81, 105)
(81, 106)
(81, 107)
(81, 108)
(81, 109)
(81, 110)
(111, 15)
(111, 16)
(111, 14)
(111, 17)
(111, 13)
(111, 18)
(111, 12)
(111, 19)
(111, 11)
(111, 20)
(111, 10)
(111, 21)
(111, 9)
(111, 22)
(111, 8)
(111, 23)
(111, 7)
(111, 24)
(111, 6)
(111, 25)
(111, 5)
(111, 26)
(111, 4)
(111, 27)
(111, 3)
(111, 28)
(111, 2)
(111, 29)
(111, 1)
(111, 30)
(111, 0)
(111, 31)
(111, 32)
(111, 33)
(111, 34)
(111, 35)
(111, 36)
(111, 37)
(111, 38)
(111, 39)
(111, 40)
(111, 41)
(111, 42)
(111, 43)
(105, 44)
(106, 44)
(107, 44)
(108, 44)
(109, 44)
(110, 44)
(111, 44)
(15, 111)
(14, 111)
(16, 111)
(13, 111)
(17, 111)
(12, 111)
(18, 111)
(11, 111)
(19, 111)
(10, 111)
(20, 111)
(9, 111)
(21, 111)
(8, 111)
(22, 111)
(7, 111)
(23, 111)
(6, 111)
(24, 111)
(5, 111)
(25, 111)
(4, 111)
(26, 111)
(3, 111)
(27, 111)
(2, 111)
(28, 111)
(1, 111)
(29, 111)
(0, 111)
(30, 111)
(31, 111)
(32, 111)
(33, 111)
(34, 111)
(35, 111)
(36, 111)
(37, 111)
(38, 111)
(39, 111)
(40, 111)
(41, 111)
(42, 111)
(43, 111)
(44, 111)
(45, 111)
(46, 111)
(47, 111)
(48, 111)
(49, 111)
(50, 111)
(51, 111)
(52, 111)
(53, 111)
(54, 111)
(55, 111)
(56, 111)
(57, 111)
(58, 111)
(59, 111)
(60, 111)
(61, 111)
(62, 111)
(63, 111)
(64, 111)
(65, 111)
(66, 111)
(67, 111)
(68, 111)
(69, 111)
(70, 111)
(71, 111)
(72, 111)
(73, 111)
(74, 111)
(75, 111)
(76, 111)
(77, 111)
(78, 111)
(79, 111)
(80, 111)
(81, 111)
(82, 84)
(82, 85)
(82, 86)
(82, 87)
(82, 88)
(82, 89)
(82, 90)
(82, 91)
(82, 92)
(82, 93)
(82, 94)
(82, 95)
(82, 96)
(82, 97)
(82, 98)
(82, 99)
(82, 100)
(82, 101)
(82, 102)
(82, 103)
(82, 104)
(82, 105)
(82, 106)
(82, 107)
(82, 108)
(82, 109)
(82, 110)
(82, 111)
(112, 15)
(112, 16)
(112, 14)
(112, 17)
(112, 13)
(112, 18)
(112, 12)
(112, 19)
(112, 11)
(112, 20)
(112, 10)
(112, 21)
(112, 9)
(112, 22)
(112, 8)
(112, 23)
(112, 7)
(112, 24)
(112, 6)
(112, 25)
(112, 5)
(112, 26)
(112, 4)
(112, 27)
(112, 3)
(112, 28)
(112, 2)
(112, 29)
(112, 1)
(112, 30)
(112, 0)
(112, 31)
(112, 32)
(112, 33)
(112, 34)
(112, 35)
(112, 36)
(112, 37)
(112, 38)
(112, 39)
(112, 40)
(112, 41)
(112, 42)
(112, 43)
(112, 44)
(105, 45)
(106, 45)
(107, 45)
(108, 45)
(109, 45)
(110, 45)
(111, 45)
(112, 45)
(15, 112)
(14, 112)
(16, 112)
(13, 112)
(17, 112)
(12, 112)
(18, 112)
(11, 112)
(19, 112)
(10, 112)
(20, 112)
(9, 112)
(21, 112)
(8, 112)
(22, 112)
(7, 112)
(23, 112)
(6, 112)
(24, 112)
(5, 112)
(25, 112)
(4, 112)
(26, 112)
(3, 112)
(27, 112)
(2, 112)
(28, 112)
(1, 112)
(29, 112)
(0, 112)
(30, 112)
(31, 112)
(32, 112)
(33, 112)
(34, 112)
(35, 112)
(36, 112)
(37, 112)
(38, 112)
(39, 112)
(40, 112)
(41, 112)
(42, 112)
(43, 112)
(44, 112)
(45, 112)
(46, 112)
(47, 112)
(48, 112)
(49, 112)
(50, 112)
(51, 112)
(52, 112)
(53, 112)
(54, 112)
(55, 112)
(56, 112)
(57, 112)
(58, 112)
(59, 112)
(60, 112)
(61, 112)
(62, 112)
(63, 112)
(64, 112)
(65, 112)
(66, 112)
(67, 112)
(68, 112)
(69, 112)
(70, 112)
(71, 112)
(72, 112)
(73, 112)
(74, 112)
(75, 112)
(76, 112)
(77, 112)
(78, 112)
(79, 112)
(80, 112)
(81, 112)
(82, 112)
(83, 84)
(83, 85)
(83, 86)
(83, 87)
(83, 88)
(83, 89)
(83, 90)
(83, 91)
(83, 92)
(83, 93)
(83, 94)
(83, 95)
(83, 96)
(83, 97)
(83, 98)
(83, 99)
(83, 100)
(83, 101)
(83, 102)
(83, 103)
(83, 104)
(83, 105)
(83, 106)
(83, 107)
(83, 108)
(83, 109)
(83, 110)
(83, 111)
(83, 112)
(113, 15)
(113, 16)
(113, 14)
(113, 17)
(113, 13)
(113, 18)
(113, 12)
(113, 19)
(113, 11)
(113, 20)
(113, 10)
(113, 21)
(113, 9)
(113, 22)
(113, 8)
(113, 23)
(113, 7)
(113, 24)
(113, 6)
(113, 25)
(113, 5)
(113, 26)
(113, 4)
(113, 27)
(113, 3)
(113, 28)
(113, 2)
(113, 29)
(113, 1)
(113, 30)
(113, 0)
(113, 31)
(113, 32)
(113, 33)
(113, 34)
(113, 35)
(113, 36)
(113, 37)
(113, 38)
(113, 39)
(113, 40)
(113, 41)
(113, 42)
(113, 43)
(113, 44)
(113, 45)
(105, 46)
(106, 46)
(107, 46)
(108, 46)
(109, 46)
(110, 46)
(111, 46)
(112, 46)
(113, 46)
(15, 113)
(14, 113)
(16, 113)
(13, 113)
(17, 113)
(12, 113)
(18, 113)
(11, 113)
(19, 113)
(10, 113)
(20, 113)
(9, 113)
(21, 113)
(8, 113)
(22, 113)
(7, 113)
(23, 113)
(6, 113)
(24, 113)
(5, 113)
(25, 113)
(4, 113)
(26, 113)
(3, 113)
(27, 113)
(2, 113)
(28, 113)
(1, 113)
(29, 113)
(0, 113)
(30, 113)
(31, 113)
(32, 113)
(33, 113)
(34, 113)
(35, 113)
(36, 113)
(37, 113)
(38, 113)
(39, 113)
(40, 113)
(41, 113)
(42, 113)
(43, 113)
(44, 113)
(45, 113)
(46, 113)
(47, 113)
(48, 113)
(49, 113)
(50, 113)
(51, 113)
(52, 113)
(53, 113)
(54, 113)
(55, 113)
(56, 113)
(57, 113)
(58, 113)
(59, 113)
(60, 113)
(61, 113)
(62, 113)
(63, 113)
(64, 113)
(65, 113)
(66, 113)
(67, 113)
(68, 113)
(69, 113)
(70, 113)
(71, 113)
(72, 113)
(73, 113)
(74, 113)
(75, 113)
(76, 113)
(77, 113)
(78, 113)
(79, 113)
(80, 113)
(81, 113)
(82, 113)
(83, 113)
(84, 84)
(84, 85)
(84, 86)
(84, 87)
(84, 88)
(84, 89)
(84, 90)
(84, 91)
(84, 92)
(84, 93)
(84, 94)
(84, 95)
(84, 96)
(84, 97)
(84, 98)
(84, 99)
(84, 100)
(84, 101)
(84, 102)
(84, 103)
(84, 104)
(84, 105)
(84, 106)
(84, 107)
(84, 108)
(84, 109)
(84, 110)
(84, 111)
(84, 112)
(84, 113)
(114, 15)
(114, 16)
(114, 14)
(114, 17)
(114, 13)
(114, 18)
(114, 12)
(114, 19)
(114, 11)
(114, 20)
(114, 10)
(114, 21)
(114, 9)
(114, 22)
(114, 8)
(114, 23)
(114, 7)
(114, 24)
(114, 6)
(114, 25)
(114, 5)
(114, 26)
(114, 4)
(114, 27)
(114, 3)
(114, 28)
(114, 2)
(114, 29)
(114, 1)
(114, 30)
(114, 0)
(114, 31)
(114, 32)
(114, 33)
(114, 34)
(114, 35)
(114, 36)
(114, 37)
(114, 38)
(114, 39)
(114, 40)
(114, 41)
(114, 42)
(114, 43)
(114, 44)
(114, 45)
(114, 46)
(105, 47)
(106, 47)
(107, 47)
(108, 47)
(109, 47)
(110, 47)
(111, 47)
(112, 47)
(113, 47)
(114, 47)
(15, 114)
(14, 114)
(16, 114)
(13, 114)
(17, 114)
(12, 114)
(18, 114)
(11, 114)
(19, 114)
(10, 114)
(20, 114)
(9, 114)
(21, 114)
(8, 114)
(22, 114)
(7, 114)
(23, 114)
(6, 114)
(24, 114)
(5, 114)
(25, 114)
(4, 114)
(26, 114)
(3, 114)
(27, 114)
(2, 114)
(28, 114)
(1, 114)
(29, 114)
(0, 114)
(30, 114)
(31, 114)
(32, 114)
(33, 114)
(34, 114)
(35, 114)
(36, 114)
(37, 114)
(38, 114)
(39, 114)
(40, 114)
(41, 114)
(42, 114)
(43, 114)
(44, 114)
(45, 114)
(46, 114)
(47, 114)
(48, 114)
(49, 114)
(50, 114)
(51, 114)
(52, 114)
(53, 114)
(54, 114)
(55, 114)
(56, 114)
(57, 114)
(58, 114)
(59, 114)
(60, 114)
(61, 114)
(62, 114)
(63, 114)
(64, 114)
(65, 114)
(66, 114)
(67, 114)
(68, 114)
(69, 114)
(70, 114)
(71, 114)
(72, 114)
(73, 114)
(74, 114)
(75, 114)
(76, 114)
(77, 114)
(78, 114)
(79, 114)
(80, 114)
(81, 114)
(82, 114)
(83, 114)
(84, 114)
(85, 84)
(85, 85)
(85, 86)
(85, 87)
(85, 88)
(85, 89)
(85, 90)
(85, 91)
(85, 92)
(85, 93)
(85, 94)
(85, 95)
(85, 96)
(85, 97)
(85, 98)
(85, 99)
(85, 100)
(85, 101)
(85, 102)
(85, 103)
(85, 104)
(85, 105)
(85, 106)
(85, 107)
(85, 108)
(85, 109)
(85, 110)
(85, 111)
(85, 112)
(85, 113)
(85, 114)
(115, 15)
(115, 16)
(115, 14)
(115, 17)
(115, 13)
(115, 18)
(115, 12)
(115, 19)
(115, 11)
(115, 20)
(115, 10)
(115, 21)
(115, 9)
(115, 22)
(115, 8)
(115, 23)
(115, 7)
(115, 24)
(115, 6)
(115, 25)
(115, 5)
(115, 26)
(115, 4)
(115, 27)
(115, 3)
(115, 28)
(115, 2)
(115, 29)
(115, 1)
(115, 30)
(115, 0)
(115, 31)
(115, 32)
(115, 33)
(115, 34)
(115, 35)
(115, 36)
(115, 37)
(115, 38)
(115, 39)
(115, 40)
(115, 41)
(115, 42)
(115, 43)
(115, 44)
(115, 45)
(115, 46)
(115, 47)
(105, 48)
(106, 48)
(107, 48)
(108, 48)
(109, 48)
(110, 48)
(111, 48)
(112, 48)
(113, 48)
(114, 48)
(115, 48)
(15, 115)
(14, 115)
(16, 115)
(13, 115)
(17, 115)
(12, 115)
(18, 115)
(11, 115)
(19, 115)
(10, 115)
(20, 115)
(9, 115)
(21, 115)
(8, 115)
(22, 115)
(7, 115)
(23, 115)
(6, 115)
(24, 115)
(5, 115)
(25, 115)
(4, 115)
(26, 115)
(3, 115)
(27, 115)
(2, 115)
(28, 115)
(1, 115)
(29, 115)
(0, 115)
(30, 115)
(31, 115)
(32, 115)
(33, 115)
(34, 115)
(35, 115)
(36, 115)
(37, 115)
(38, 115)
(39, 115)
(40, 115)
(41, 115)
(42, 115)
(43, 115)
(44, 115)
(45, 115)
(46, 115)
(47, 115)
(48, 115)
(49, 115)
(50, 115)
(51, 115)
(52, 115)
(53, 115)
(54, 115)
(55, 115)
(56, 115)
(57, 115)
(58, 115)
(59, 115)
(60, 115)
(61, 115)
(62, 115)
(63, 115)
(64, 115)
(65, 115)
(66, 115)
(67, 115)
(68, 115)
(69, 115)
(70, 115)
(71, 115)
(72, 115)
(73, 115)
(74, 115)
(75, 115)
(76, 115)
(77, 115)
(78, 115)
(79, 115)
(80, 115)
(81, 115)
(82, 115)
(83, 115)
(84, 115)
(85, 115)
(86, 84)
(86, 85)
(86, 86)
(86, 87)
(86, 88)
(86, 89)
(86, 90)
(86, 91)
(86, 92)
(86, 93)
(86, 94)
(86, 95)
(86, 96)
(86, 97)
(86, 98)
(86, 99)
(86, 100)
(86, 101)
(86, 102)
(86, 103)
(86, 104)
(86, 105)
(86, 106)
(86, 107)
(86, 108)
(86, 109)
(86, 110)
(86, 111)
(86, 112)
(86, 113)
(86, 114)
(86, 115)
(116, 15)
(116, 16)
(116, 14)
(116, 17)
(116, 13)
(116, 18)
(116, 12)
(116, 19)
(116, 11)
(116, 20)
(116, 10)
(116, 21)
(116, 9)
(116, 22)
(116, 8)
(116, 23)
(116, 7)
(116, 24)
(116, 6)
(116, 25)
(116, 5)
(116, 26)
(116, 4)
(116, 27)
(116, 3)
(116, 28)
(116, 2)
(116, 29)
(116, 1)
(116, 30)
(116, 0)
(116, 31)
(116, 32)
(116, 33)
(116, 34)
(116, 35)
(116, 36)
(116, 37)
(116, 38)
(116, 39)
(116, 40)
(116, 41)
(116, 42)
(116, 43)
(116, 44)
(116, 45)
(116, 46)
(116, 47)
(116, 48)
(105, 49)
(106, 49)
(107, 49)
(108, 49)
(109, 49)
(110, 49)
(111, 49)
(112, 49)
(113, 49)
(114, 49)
(115, 49)
(116, 49)
(15, 116)
(14, 116)
(16, 116)
(13, 116)
(17, 116)
(12, 116)
(18, 116)
(11, 116)
(19, 116)
(10, 116)
(20, 116)
(9, 116)
(21, 116)
(8, 116)
(22, 116)
(7, 116)
(23, 116)
(6, 116)
(24, 116)
(5, 116)
(25, 116)
(4, 116)
(26, 116)
(3, 116)
(27, 116)
(2, 116)
(28, 116)
(1, 116)
(29, 116)
(0, 116)
(30, 116)
(31, 116)
(32, 116)
(33, 116)
(34, 116)
(35, 116)
(36, 116)
(37, 116)
(38, 116)
(39, 116)
(40, 116)
(41, 116)
(42, 116)
(43, 116)
(44, 116)
(45, 116)
(46, 116)
(47, 116)
(48, 116)
(49, 116)
(50, 116)
(51, 116)
(52, 116)
(53, 116)
(54, 116)
(55, 116)
(56, 116)
(57, 116)
(58, 116)
(59, 116)
(60, 116)
(61, 116)
(62, 116)
(63, 116)
(64, 116)
(65, 116)
(66, 116)
(67, 116)
(68, 116)
(69, 116)
(70, 116)
(71, 116)
(72, 116)
(73, 116)
(74, 116)
(75, 116)
(76, 116)
(77, 116)
(78, 116)
(79, 116)
(80, 116)
(81, 116)
(82, 116)
(83, 116)
(84, 116)
(85, 116)
(86, 116)
(87, 84)
(87, 85)
(87, 86)
(87, 87)
(87, 88)
(87, 89)
(87, 90)
(87, 91)
(87, 92)
(87, 93)
(87, 94)
(87, 95)
(87, 96)
(87, 97)
(87, 98)
(87, 99)
(87, 100)
(87, 101)
(87, 102)
(87, 103)
(87, 104)
(87, 105)
(87, 106)
(87, 107)
(87, 108)
(87, 109)
(87, 110)
(87, 111)
(87, 112)
(87, 113)
(87, 114)
(87, 115)
(87, 116)
(117, 15)
(117, 16)
(117, 14)
(117, 17)
(117, 13)
(117, 18)
(117, 12)
(117, 19)
(117, 11)
(117, 20)
(117, 10)
(117, 21)
(117, 9)
(117, 22)
(117, 8)
(117, 23)
(117, 7)
(117, 24)
(117, 6)
(117, 25)
(117, 5)
(117, 26)
(117, 4)
(117, 27)
(117, 3)
(117, 28)
(117, 2)
(117, 29)
(117, 1)
(117, 30)
(117, 0)
(117, 31)
(117, 32)
(117, 33)
(117, 34)
(117, 35)
(117, 36)
(117, 37)
(117, 38)
(117, 39)
(117, 40)
(117, 41)
(117, 42)
(117, 43)
(117, 44)
(117, 45)
(117, 46)
(117, 47)
(117, 48)
(117, 49)
(105, 50)
(106, 50)
(107, 50)
(108, 50)
(109, 50)
(110, 50)
(111, 50)
(112, 50)
(113, 50)
(114, 50)
(115, 50)
(116, 50)
(117, 50)
(15, 117)
(14, 117)
(16, 117)
(13, 117)
(17, 117)
(12, 117)
(18, 117)
(11, 117)
(19, 117)
(10, 117)
(20, 117)
(9, 117)
(21, 117)
(8, 117)
(22, 117)
(7, 117)
(23, 117)
(6, 117)
(24, 117)
(5, 117)
(25, 117)
(4, 117)
(26, 117)
(3, 117)
(27, 117)
(2, 117)
(28, 117)
(1, 117)
(29, 117)
(0, 117)
(30, 117)
(31, 117)
(32, 117)
(33, 117)
(34, 117)
(35, 117)
(36, 117)
(37, 117)
(38, 117)
(39, 117)
(40, 117)
(41, 117)
(42, 117)
(43, 117)
(44, 117)
(45, 117)
(46, 117)
(47, 117)
(48, 117)
(49, 117)
(50, 117)
(51, 117)
(52, 117)
(53, 117)
(54, 117)
(55, 117)
(56, 117)
(57, 117)
(58, 117)
(59, 117)
(60, 117)
(61, 117)
(62, 117)
(63, 117)
(64, 117)
(65, 117)
(66, 117)
(67, 117)
(68, 117)
(69, 117)
(70, 117)
(71, 117)
(72, 117)
(73, 117)
(74, 117)
(75, 117)
(76, 117)
(77, 117)
(78, 117)
(79, 117)
(80, 117)
(81, 117)
(82, 117)
(83, 117)
(84, 117)
(85, 117)
(86, 117)
(87, 117)
(88, 84)
(88, 85)
(88, 86)
(88, 87)
(88, 88)
(88, 89)
(88, 90)
(88, 91)
(88, 92)
(88, 93)
(88, 94)
(88, 95)
(88, 96)
(88, 97)
(88, 98)
(88, 99)
(88, 100)
(88, 101)
(88, 102)
(88, 103)
(88, 104)
(88, 105)
(88, 106)
(88, 107)
(88, 108)
(88, 109)
(88, 110)
(88, 111)
(88, 112)
(88, 113)
(88, 114)
(88, 115)
(88, 116)
(88, 117)
(118, 15)
(118, 16)
(118, 14)
(118, 17)
(118, 13)
(118, 18)
(118, 12)
(118, 19)
(118, 11)
(118, 20)
(118, 10)
(118, 21)
(118, 9)
(118, 22)
(118, 8)
(118, 23)
(118, 7)
(118, 24)
(118, 6)
(118, 25)
(118, 5)
(118, 26)
(118, 4)
(118, 27)
(118, 3)
(118, 28)
(118, 2)
(118, 29)
(118, 1)
(118, 30)
(118, 0)
(118, 31)
(118, 32)
(118, 33)
(118, 34)
(118, 35)
(118, 36)
(118, 37)
(118, 38)
(118, 39)
(118, 40)
(118, 41)
(118, 42)
(118, 43)
(118, 44)
(118, 45)
(118, 46)
(118, 47)
(118, 48)
(118, 49)
(118, 50)
(105, 51)
(106, 51)
(107, 51)
(108, 51)
(109, 51)
(110, 51)
(111, 51)
(112, 51)
(113, 51)
(114, 51)
(115, 51)
(116, 51)
(117, 51)
(118, 51)
(15, 118)
(14, 118)
(16, 118)
(13, 118)
(17, 118)
(12, 118)
(18, 118)
(11, 118)
(19, 118)
(10, 118)
(20, 118)
(9, 118)
(21, 118)
(8, 118)
(22, 118)
(7, 118)
(23, 118)
(6, 118)
(24, 118)
(5, 118)
(25, 118)
(4, 118)
(26, 118)
(3, 118)
(27, 118)
(2, 118)
(28, 118)
(1, 118)
(29, 118)
(0, 118)
(30, 118)
(31, 118)
(32, 118)
(33, 118)
(34, 118)
(35, 118)
(36, 118)
(37, 118)
(38, 118)
(39, 118)
(40, 118)
(41, 118)
(42, 118)
(43, 118)
(44, 118)
(45, 118)
(46, 118)
(47, 118)
(48, 118)
(49, 118)
(50, 118)
(51, 118)
(52, 118)
(53, 118)
(54, 118)
(55, 118)
(56, 118)
(57, 118)
(58, 118)
(59, 118)
(60, 118)
(61, 118)
(62, 118)
(63, 118)
(64, 118)
(65, 118)
(66, 118)
(67, 118)
(68, 118)
(69, 118)
(70, 118)
(71, 118)
(72, 118)
(73, 118)
(74, 118)
(75, 118)
(76, 118)
(77, 118)
(78, 118)
(79, 118)
(80, 118)
(81, 118)
(82, 118)
(83, 118)
(84, 118)
(85, 118)
(86, 118)
(87, 118)
(88, 118)
(89, 84)
(89, 85)
(89, 86)
(89, 87)
(89, 88)
(89, 89)
(89, 90)
(89, 91)
(89, 92)
(89, 93)
(89, 94)
(89, 95)
(89, 96)
(89, 97)
(89, 98)
(89, 99)
(89, 100)
(89, 101)
(89, 102)
(89, 103)
(89, 104)
(89, 105)
(89, 106)
(89, 107)
(89, 108)
(89, 109)
(89, 110)
(89, 111)
(89, 112)
(89, 113)
(89, 114)
(89, 115)
(89, 116)
(89, 117)
(89, 118)
(119, 15)
(119, 16)
(119, 14)
(119, 17)
(119, 13)
(119, 18)
(119, 12)
(119, 19)
(119, 11)
(119, 20)
(119, 10)
(119, 21)
(119, 9)
(119, 22)
(119, 8)
(119, 23)
(119, 7)
(119, 24)
(119, 6)
(119, 25)
(119, 5)
(119, 26)
(119, 4)
(119, 27)
(119, 3)
(119, 28)
(119, 2)
(119, 29)
(119, 1)
(119, 30)
(119, 0)
(119, 31)
(119, 32)
(119, 33)
(119, 34)
(119, 35)
(119, 36)
(119, 37)
(119, 38)
(119, 39)
(119, 40)
(119, 41)
(119, 42)
(119, 43)
(119, 44)
(119, 45)
(119, 46)
(119, 47)
(119, 48)
(119, 49)
(119, 50)
(119, 51)
(105, 52)
(106, 52)
(107, 52)
(108, 52)
(109, 52)
(110, 52)
(111, 52)
(112, 52)
(113, 52)
(114, 52)
(115, 52)
(116, 52)
(117, 52)
(118, 52)
(119, 52)
(15, 119)
(14, 119)
(16, 119)
(13, 119)
(17, 119)
(12, 119)
(18, 119)
(11, 119)
(19, 119)
(10, 119)
(20, 119)
(9, 119)
(21, 119)
(8, 119)
(22, 119)
(7, 119)
(23, 119)
(6, 119)
(24, 119)
(5, 119)
(25, 119)
(4, 119)
(26, 119)
(3, 119)
(27, 119)
(2, 119)
(28, 119)
(1, 119)
(29, 119)
(0, 119)
(30, 119)
(31, 119)
(32, 119)
(33, 119)
(34, 119)
(35, 119)
(36, 119)
(37, 119)
(38, 119)
(39, 119)
(40, 119)
(41, 119)
(42, 119)
(43, 119)
(44, 119)
(45, 119)
(46, 119)
(47, 119)
(48, 119)
(49, 119)
(50, 119)
(51, 119)
(52, 119)
(53, 119)
(54, 119)
(55, 119)
(56, 119)
(57, 119)
(58, 119)
(59, 119)
(60, 119)
(61, 119)
(62, 119)
(63, 119)
(64, 119)
(65, 119)
(66, 119)
(67, 119)
(68, 119)
(69, 119)
(70, 119)
(71, 119)
(72, 119)
(73, 119)
(74, 119)
(75, 119)
(76, 119)
(77, 119)
(78, 119)
(79, 119)
(80, 119)
(81, 119)
(82, 119)
(83, 119)
(84, 119)
(85, 119)
(86, 119)
(87, 119)
(88, 119)
(89, 119)
(90, 84)
(90, 85)
(90, 86)
(90, 87)
(90, 88)
(90, 89)
(90, 90)
(90, 91)
(90, 92)
(90, 93)
(90, 94)
(90, 95)
(90, 96)
(90, 97)
(90, 98)
(90, 99)
(90, 100)
(90, 101)
(90, 102)
(90, 103)
(90, 104)
(90, 105)
(90, 106)
(90, 107)
(90, 108)
(90, 109)
(90, 110)
(90, 111)
(90, 112)
(90, 113)
(90, 114)
(90, 115)
(90, 116)
(90, 117)
(90, 118)
(90, 119)
(120, 15)
(120, 16)
(120, 14)
(120, 17)
(120, 13)
(120, 18)
(120, 12)
(120, 19)
(120, 11)
(120, 20)
(120, 10)
(120, 21)
(120, 9)
(120, 22)
(120, 8)
(120, 23)
(120, 7)
(120, 24)
(120, 6)
(120, 25)
(120, 5)
(120, 26)
(120, 4)
(120, 27)
(120, 3)
(120, 28)
(120, 2)
(120, 29)
(120, 1)
(120, 30)
(120, 0)
(120, 31)
(120, 32)
(120, 33)
(120, 34)
(120, 35)
(120, 36)
(120, 37)
(120, 38)
(120, 39)
(120, 40)
(120, 41)
(120, 42)
(120, 43)
(120, 44)
(120, 45)
(120, 46)
(120, 47)
(120, 48)
(120, 49)
(120, 50)
(120, 51)
(120, 52)
(105, 53)
(106, 53)
(107, 53)
(108, 53)
(109, 53)
(110, 53)
(111, 53)
(112, 53)
(113, 53)
(114, 53)
(115, 53)
(116, 53)
(117, 53)
(118, 53)
(119, 53)
(120, 53)
(15, 120)
(14, 120)
(16, 120)
(13, 120)
(17, 120)
(12, 120)
(18, 120)
(11, 120)
(19, 120)
(10, 120)
(20, 120)
(9, 120)
(21, 120)
(8, 120)
(22, 120)
(7, 120)
(23, 120)
(6, 120)
(24, 120)
(5, 120)
(25, 120)
(4, 120)
(26, 120)
(3, 120)
(27, 120)
(2, 120)
(28, 120)
(1, 120)
(29, 120)
(0, 120)
(30, 120)
(31, 120)
(32, 120)
(33, 120)
(34, 120)
(35, 120)
(36, 120)
(37, 120)
(38, 120)
(39, 120)
(40, 120)
(41, 120)
(42, 120)
(43, 120)
(44, 120)
(45, 120)
(46, 120)
(47, 120)
(48, 120)
(49, 120)
(50, 120)
(51, 120)
(52, 120)
(53, 120)
(54, 120)
(55, 120)
(56, 120)
(57, 120)
(58, 120)
(59, 120)
(60, 120)
(61, 120)
(62, 120)
(63, 120)
(64, 120)
(65, 120)
(66, 120)
(67, 120)
(68, 120)
(69, 120)
(70, 120)
(71, 120)
(72, 120)
(73, 120)
(74, 120)
(75, 120)
(76, 120)
(77, 120)
(78, 120)
(79, 120)
(80, 120)
(81, 120)
(82, 120)
(83, 120)
(84, 120)
(85, 120)
(86, 120)
(87, 120)
(88, 120)
(89, 120)
(90, 120)
(91, 84)
(91, 85)
(91, 86)
(91, 87)
(91, 88)
(91, 89)
(91, 90)
(91, 91)
(91, 92)
(91, 93)
(91, 94)
(91, 95)
(91, 96)
(91, 97)
(91, 98)
(91, 99)
(91, 100)
(91, 101)
(91, 102)
(91, 103)
(91, 104)
(91, 105)
(91, 106)
(91, 107)
(91, 108)
(91, 109)
(91, 110)
(91, 111)
(91, 112)
(91, 113)
(91, 114)
(91, 115)
(91, 116)
(91, 117)
(91, 118)
(91, 119)
(91, 120)
(120, 15)
